event_id,set_index,raw_set_cube_center_6dof,prior_translation_m,prior_rotation_rotvec,estimated_cube_translation_m,estimated_cube_rotation_rotvec,delta_trans_mm,delta_rot_deg,possible_unit_warning,possible_rotation_warning,set_used_for_anchor
24,1,"[-98.641, 418.465, 43.617999999999995, -74.32918450874705, 0.20173843966556285, 179.32444531160408]","[-0.098641, 0.418465, 0.043618]","[2.4977420906776544, -1.893416884829724, -0.015559838337604265]","[-0.09083830992456066, 0.4207933753731409, 0.043531872155666965]","[-0.007019236307203162, 0.0003831045902856334, 1.8623833387319422]",8.143139584777982,179.50460020332238,,rotation prior off by 180deg (>45),True
25,1,"[-98.641, 418.465, 43.617999999999995, -74.32918450874705, 0.20173843966556285, 179.32444531160408]","[-0.098641, 0.418465, 0.043618]","[2.4977420906776544, -1.893416884829724, -0.015559838337604265]","[-0.09124074442674929, 0.42071791164895167, 0.043556221082210925]","[-0.0019092473262296036, -0.005470779253855295, 1.8612910313597208]",7.735839326284744,179.88058869119524,,rotation prior off by 180deg (>45),True
26,1,"[-98.641, 418.465, 43.617999999999995, -74.32918450874705, 0.20173843966556285, 179.32444531160408]","[-0.098641, 0.418465, 0.043618]","[2.4977420906776544, -1.893416884829724, -0.015559838337604265]","[-0.09145763224598646, 0.4215102525846272, 0.04360366262506704]","[-0.004530475904854451, -0.003933735080788366, 1.8588356374789414]",7.802213862353436,179.73240667612498,,rotation prior off by 180deg (>45),True
27,1,"[-98.641, 418.465, 43.617999999999995, -74.32918450874705, 0.20173843966556285, 179.32444531160408]","[-0.098641, 0.418465, 0.043618]","[2.4977420906776544, -1.893416884829724, -0.015559838337604265]","[-0.09145763224598646, 0.4215102525846272, 0.04360366262506704]","[-0.004530475904854451, -0.003933735080788366, 1.8588356374789414]",7.802213862353436,179.73240667612498,,rotation prior off by 180deg (>45),True
28,1,"[-98.641, 418.465, 43.617999999999995, -74.32918450874705, 0.20173843966556285, 179.32444531160408]","[-0.098641, 0.418465, 0.043618]","[2.4977420906776544, -1.893416884829724, -0.015559838337604265]","[-0.0918377545960718, 0.42167593771110723, 0.043927878128999995]","[-0.005444436228680116, -0.00839308137292716, 1.8574642100138106]",7.52929568190236,179.82996336861981,,rotation prior off by 180deg (>45),True
29,1,"[-98.641, 418.465, 43.617999999999995, -74.32918450874705, 0.20173843966556285, 179.32444531160408]","[-0.098641, 0.418465, 0.043618]","[2.4977420906776544, -1.893416884829724, -0.015559838337604265]","[-0.09099248931507503, 0.42077735873779204, 0.04367078889600741]","[-0.0029624560103558226, -0.00752845569752763, 1.860811920515666]",7.99058854510709,179.90069172638837,,rotation prior off by 180deg (>45),True
30,1,"[-98.641, 418.465, 43.617999999999995, -74.32918450874705, 0.20173843966556285, 179.32444531160408]","[-0.098641, 0.418465, 0.043618]","[2.4977420906776544, -1.893416884829724, -0.015559838337604265]","[-0.09111929523934503, 0.4202234170507986, 0.04364108574638956]","[-0.007448257672132968, 0.0015233588224603197, 1.858981911700899]",7.724545681312605,179.454673454299,,rotation prior off by 179deg (>45),True
31,1,"[-98.641, 418.465, 43.617999999999995, -74.32918450874705, 0.20173843966556285, 179.32444531160408]","[-0.098641, 0.418465, 0.043618]","[2.4977420906776544, -1.893416884829724, -0.015559838337604265]","[-0.09118513072985607, 0.42029028002096347, 0.043665356294894125]","[-0.0021869271731144993, -0.002296957147519575, 1.8633085556769733]",7.676188920751713,179.77432267197742,,rotation prior off by 180deg (>45),True
32,1,"[-98.641, 418.465, 43.617999999999995, -74.32918450874705, 0.20173843966556285, 179.32444531160408]","[-0.098641, 0.418465, 0.043618]","[2.4977420906776544, -1.893416884829724, -0.015559838337604265]","[-0.0918740805896921, 0.42099808328280774, 0.04371388072306916]","[-0.003943057018805803, -0.0055047796052896504, 1.8567919822489756]",7.226126371459211,179.80310030760188,,rotation prior off by 180deg (>45),True
33,1,"[-98.641, 418.465, 43.617999999999995, -74.32918450874705, 0.20173843966556285, 179.32444531160408]","[-0.098641, 0.418465, 0.043618]","[2.4977420906776544, -1.893416884829724, -0.015559838337604265]","[-0.0913248475625808, 0.4204770901949767, 0.04362584312230641]","[-0.0020778534487946518, -0.002976599254356704, 1.8599234205573225]",7.587796449223179,179.80002251625962,,rotation prior off by 180deg (>45),True
34,1,"[-98.641, 418.465, 43.617999999999995, -74.32918450874705, 0.20173843966556285, 179.32444531160408]","[-0.098641, 0.418465, 0.043618]","[2.4977420906776544, -1.893416884829724, -0.015559838337604265]","[-0.09179788711265502, 0.42105172415380004, 0.04375224025210542]","[-0.0038612361523431634, -0.0053522418631918355, 1.8560354812416202]",7.316922596425701,179.80202503976275,,rotation prior off by 180deg (>45),True
40,2,"[-78.86999999999999, 518.295, 43.615, 164.6703048559996, 0.20208221434264137, 179.3250182693992]","[-0.07887, 0.518295, 0.043615]","[0.4183052261082713, 3.108457335672677, 0.01757227672589145]","[-0.07225369617114136, 0.5201016238782488, 0.043228688455444586]","[0.00784109147455548, -0.0034330948191267116, -0.26189654186568134]",6.86939610174612,179.93065445072543,,rotation prior off by 180deg (>45),True
41,2,"[-78.86999999999999, 518.295, 43.615, 164.6703048559996, 0.20208221434264137, 179.3250182693992]","[-0.07887, 0.518295, 0.043615]","[0.4183052261082713, 3.108457335672677, 0.01757227672589145]","[-0.07181107439964785, 0.5208026798123975, 0.043014247563196245]","[0.003920935939630608, -0.0012131842902574346, -0.2578942672750614]",7.515170800663059,179.8334836512599,,rotation prior off by 180deg (>45),True
42,2,"[-78.86999999999999, 518.295, 43.615, 164.6703048559996, 0.20208221434264137, 179.3250182693992]","[-0.07887, 0.518295, 0.043615]","[0.4183052261082713, 3.108457335672677, 0.01757227672589145]","[-0.07138653856271604, 0.5214115346754586, 0.0429043116757898]","[0.005750262046541143, -0.001719768427480012, -0.2561614280143686]",8.13757097424169,179.84764832187008,,rotation prior off by 180deg (>45),True
43,2,"[-78.86999999999999, 518.295, 43.615, 164.6703048559996, 0.20208221434264137, 179.3250182693992]","[-0.07887, 0.518295, 0.043615]","[0.4183052261082713, 3.108457335672677, 0.01757227672589145]","[-0.0705679504606403, 0.5205698680105563, 0.04252522201553299]","[0.008304128076826782, -0.003190727253684894, -0.2560788281114142]",8.676788984115264,179.9114574394399,,rotation prior off by 180deg (>45),True
44,2,"[-78.86999999999999, 518.295, 43.615, 164.6703048559996, 0.20208221434264137, 179.3250182693992]","[-0.07887, 0.518295, 0.043615]","[0.4183052261082713, 3.108457335672677, 0.01757227672589145]","[-0.0710912155422459, 0.5191175612774002, 0.04287212288286732]","[0.009490897504064595, -0.0067626774676307596, -0.2571002060129221]",7.857350768957286,179.8949765696006,,rotation prior off by 180deg (>45),True
45,2,"[-78.86999999999999, 518.295, 43.615, 164.6703048559996, 0.20208221434264137, 179.3250182693992]","[-0.07887, 0.518295, 0.043615]","[0.4183052261082713, 3.108457335672677, 0.01757227672589145]","[-0.07138653856271604, 0.5214115346754586, 0.0429043116757898]","[0.005750262046541143, -0.001719768427480012, -0.2561614280143686]",8.13757097424169,179.84764832187008,,rotation prior off by 180deg (>45),True
46,2,"[-78.86999999999999, 518.295, 43.615, 164.6703048559996, 0.20208221434264137, 179.3250182693992]","[-0.07887, 0.518295, 0.043615]","[0.4183052261082713, 3.108457335672677, 0.01757227672589145]","[-0.07088023629792728, 0.5219488503339915, 0.04291924300133555]","[0.007616334047318315, -0.001538648780878078, -0.2608668834495201]",8.813116592860865,179.8247554140531,,rotation prior off by 180deg (>45),True
47,2,"[-78.86999999999999, 518.295, 43.615, 164.6703048559996, 0.20208221434264137, 179.3250182693992]","[-0.07887, 0.518295, 0.043615]","[0.4183052261082713, 3.108457335672677, 0.01757227672589145]","[-0.07120709477457532, 0.5211341258702497, 0.042846288225087376]","[0.0024811386335694867, -0.004741770958422865, -0.2562517114291394]",8.208024731557002,179.95628097476475,,rotation prior off by 180deg (>45),True
48,2,"[-78.86999999999999, 518.295, 43.615, 164.6703048559996, 0.20208221434264137, 179.3250182693992]","[-0.07887, 0.518295, 0.043615]","[0.4183052261082713, 3.108457335672677, 0.01757227672589145]","[-0.07143336904743353, 0.5204731029176657, 0.04314100593245314]","[0.0014030776254330124, -0.005001591144501899, -0.25889144767207806]",7.763522565220215,179.93247871885663,,rotation prior off by 180deg (>45),True
49,2,"[-78.86999999999999, 518.295, 43.615, 164.6703048559996, 0.20208221434264137, 179.3250182693992]","[-0.07887, 0.518295, 0.043615]","[0.4183052261082713, 3.108457335672677, 0.01757227672589145]","[-0.07179161522785327, 0.5208422294206594, 0.04306498720916213]","[0.0038914150082353673, -0.0025562169413783148, -0.2583362800682765]",7.542839171964163,179.90990667465312,,rotation prior off by 180deg (>45),True
50,2,"[-78.86999999999999, 518.295, 43.615, 164.6703048559996, 0.20208221434264137, 179.3250182693992]","[-0.07887, 0.518295, 0.043615]","[0.4183052261082713, 3.108457335672677, 0.01757227672589145]","[-0.0730829765440511, 0.5205210671885543, 0.04346255442305627]","[0.0015960198198319859, -0.0015663147662911816, -0.2631068250790359]",6.202278231552585,179.87294430818693,,rotation prior off by 180deg (>45),True
58,3,"[-78.623, 568.412, 43.617999999999995, -75.329740706384, 0.20242598901971987, 179.32484638206066]","[-0.078623, 0.568412, 0.043618]","[2.481193387082626, -1.9152140747392494, -0.015667389793472028]","[-0.07469284955922478, 0.5758765884356247, 0.043883238752507076]","[-0.005942819461054132, -0.005032461655986805, 1.851974372725355]",8.440172663886594,179.70853468670563,,rotation prior off by 180deg (>45),True
59,3,"[-78.623, 568.412, 43.617999999999995, -75.329740706384, 0.20242598901971987, 179.32484638206066]","[-0.078623, 0.568412, 0.043618]","[2.481193387082626, -1.9152140747392494, -0.015667389793472028]","[-0.07484003241997772, 0.5757781620506269, 0.04384723404476065]","[-0.004932784512691736, -0.005707403412805333, 1.8510930231683185]",8.283944429731108,179.76876052570944,,rotation prior off by 180deg (>45),True
60,3,"[-78.623, 568.412, 43.617999999999995, -75.329740706384, 0.20242598901971987, 179.32484638206066]","[-0.078623, 0.568412, 0.043618]","[2.481193387082626, -1.9152140747392494, -0.015667389793472028]","[-0.0740465179608063, 0.5744394904966721, 0.04356954806849794]","[-0.0028909047702345915, -0.010076188916220025, 1.8499776779578228]",7.5681686775732215,179.9811369126958,,rotation prior off by 180deg (>45),True
61,3,"[-78.623, 568.412, 43.617999999999995, -75.329740706384, 0.20242598901971987, 179.32484638206066]","[-0.078623, 0.568412, 0.043618]","[2.481193387082626, -1.9152140747392494, -0.015667389793472028]","[-0.07546514876148469, 0.575561898319229, 0.0441187974757916]","[-0.0015410054594571724, -0.011720343025594705, 1.8541052325706]",7.832232665828102,179.91789567877518,,rotation prior off by 180deg (>45),True
62,3,"[-78.623, 568.412, 43.617999999999995, -75.329740706384, 0.20242598901971987, 179.32484638206066]","[-0.078623, 0.568412, 0.043618]","[2.481193387082626, -1.9152140747392494, -0.015667389793472028]","[-0.07489201924439765, 0.5753453623772653, 0.044140351509085365]","[-0.0063320407831234625, -0.006779531563041369, 1.8527592185469857]",7.890790983937907,179.7458290911649,,rotation prior off by 180deg (>45),True
63,3,"[-78.623, 568.412, 43.617999999999995, -75.329740706384, 0.20242598901971987, 179.32484638206066]","[-0.078623, 0.568412, 0.043618]","[2.481193387082626, -1.9152140747392494, -0.015667389793472028]","[-0.07485947899572348, 0.5756701253596503, 0.04406806677851255]","[-0.004861284187129547, -0.010387669177197108, 1.8509350192994012]",8.188225338322715,179.91305339186604,,rotation prior off by 180deg (>45),True
64,3,"[-78.623, 568.412, 43.617999999999995, -75.329740706384, 0.20242598901971987, 179.32484638206066]","[-0.078623, 0.568412, 0.043618]","[2.481193387082626, -1.9152140747392494, -0.015667389793472028]","[-0.07484003241997772, 0.5757781620506269, 0.04384723404476065]","[-0.004932784512691736, -0.005707403412805333, 1.8510930231683185]",8.283944429731108,179.76876052570944,,rotation prior off by 180deg (>45),True
65,3,"[-78.623, 568.412, 43.617999999999995, -75.329740706384, 0.20242598901971987, 179.32484638206066]","[-0.078623, 0.568412, 0.043618]","[2.481193387082626, -1.9152140747392494, -0.015667389793472028]","[-0.07487321585118584, 0.5757172563348121, 0.04404377634513665]","[-0.005982858789598191, -0.010545177473698831, 1.850931635539432]",8.222465370926574,179.8739024411279,,rotation prior off by 180deg (>45),True
66,3,"[-78.623, 568.412, 43.617999999999995, -75.329740706384, 0.20242598901971987, 179.32484638206066]","[-0.078623, 0.568412, 0.043618]","[2.481193387082626, -1.9152140747392494, -0.015667389793472028]","[-0.07392825916381579, 0.5765484114294618, 0.04368205462762001]","[-0.005821669277343285, -0.005313604891870376, 1.8499738646378852]",9.393928116806634,179.72242293296117,,rotation prior off by 180deg (>45),True
67,3,"[-78.623, 568.412, 43.617999999999995, -75.329740706384, 0.20242598901971987, 179.32484638206066]","[-0.078623, 0.568412, 0.043618]","[2.481193387082626, -1.9152140747392494, -0.015667389793472028]","[-0.074771721583888, 0.5758543707103629, 0.043881275891986926]","[-0.005089469324183372, -0.00515615059568195, 1.8506480802057919]",8.383945456894361,179.74611363576975,,rotation prior off by 180deg (>45),True
68,3,"[-78.623, 568.412, 43.617999999999995, -75.329740706384, 0.20242598901971987, 179.32484638206066]","[-0.078623, 0.568412, 0.043618]","[2.481193387082626, -1.9152140747392494, -0.015667389793472028]","[-0.07381826510842254, 0.5753174405640641, 0.04340721813323983]","[-0.0021000863413134264, -0.00587305541623748, 1.8509407415262245]",8.415165818777291,179.88472377584299,,rotation prior off by 180deg (>45),True
92,5,"[-298.923, 638.421, 43.617999999999995, 94.66998837680447, 0.20299894681485067, 179.32473179050166]","[-0.298923, 0.638421, 0.043618]","[2.1218778257701185, 2.3023249979984333, 0.009808275871586185]","[-0.30071934662796695, 0.6413537139485446, 0.04417672250866349]","[0.0008909628725456766, -0.003213167867155454, -1.4682298865375552]",3.4842277700350506,179.88187346750522,,rotation prior off by 180deg (>45),True
93,5,"[-298.923, 638.421, 43.617999999999995, 94.66998837680447, 0.20299894681485067, 179.32473179050166]","[-0.298923, 0.638421, 0.043618]","[2.1218778257701185, 2.3023249979984333, 0.009808275871586185]","[-0.3005986714658604, 0.64087268303124, 0.043976307571822665]","[0.00020438833504946366, -0.0020119038491951823, -1.4620484802191651]",2.9911551051716683,179.85799139218892,,rotation prior off by 180deg (>45),True
94,5,"[-298.923, 638.421, 43.617999999999995, 94.66998837680447, 0.20299894681485067, 179.32473179050166]","[-0.298923, 0.638421, 0.043618]","[2.1218778257701185, 2.3023249979984333, 0.009808275871586185]","[-0.299894831503315, 0.6430719724645589, 0.0441031923292563]","[0.007124854077305956, -0.0016795289878674716, -1.4609585063846557]",4.77612949293563,179.5994012504679,,rotation prior off by 180deg (>45),True
95,5,"[-298.923, 638.421, 43.617999999999995, 94.66998837680447, 0.20299894681485067, 179.32473179050166]","[-0.298923, 0.638421, 0.043618]","[2.1218778257701185, 2.3023249979984333, 0.009808275871586185]","[-0.300626014111773, 0.6416766459300416, 0.04418388797449389]","[-0.004072859371696023, -0.00824335101026266, -1.4703572966601115]",3.717487953762742,179.74824760102462,,rotation prior off by 180deg (>45),True
96,5,"[-298.923, 638.421, 43.617999999999995, 94.66998837680447, 0.20299894681485067, 179.32473179050166]","[-0.298923, 0.638421, 0.043618]","[2.1218778257701185, 2.3023249979984333, 0.009808275871586185]","[-0.3000134614136114, 0.6410710285862075, 0.043823283149498446]","[-0.003398911654685801, -0.005564427540411737, -1.4688437384366115]",2.8729599325016415,179.875537995712,,rotation prior off by 180deg (>45),True
97,5,"[-298.923, 638.421, 43.617999999999995, 94.66998837680447, 0.20299894681485067, 179.32473179050166]","[-0.298923, 0.638421, 0.043618]","[2.1218778257701185, 2.3023249979984333, 0.009808275871586185]","[-0.3005092044115263, 0.6421773202569553, 0.04419049347570943]","[0.008629213839527333, -0.0004484374067638063, -1.4607093755145697]",4.117491358544371,179.4985791374447,,rotation prior off by 179deg (>45),True
98,5,"[-298.923, 638.421, 43.617999999999995, 94.66998837680447, 0.20299894681485067, 179.32473179050166]","[-0.298923, 0.638421, 0.043618]","[2.1218778257701185, 2.3023249979984333, 0.009808275871586185]","[-0.3003733429996267, 0.6418075281765777, 0.043992621807941334]","[0.0075668126301737595, 0.0027196790528379753, -1.4644202119770775]",3.703027059893856,179.4157598863746,,rotation prior off by 179deg (>45),True
99,5,"[-298.923, 638.421, 43.617999999999995, 94.66998837680447, 0.20299894681485067, 179.32473179050166]","[-0.298923, 0.638421, 0.043618]","[2.1218778257701185, 2.3023249979984333, 0.009808275871586185]","[-0.30021540010312553, 0.6410423370706504, 0.04378206611755622]","[0.000612729204557019, -0.003339081242253001, -1.4670404277150109]",2.92722116613264,179.89618926819782,,rotation prior off by 180deg (>45),True
100,5,"[-298.923, 638.421, 43.617999999999995, 94.66998837680447, 0.20299894681485067, 179.32473179050166]","[-0.298923, 0.638421, 0.043618]","[2.1218778257701185, 2.3023249979984333, 0.009808275871586185]","[-0.2994935624627179, 0.641597869510741, 0.04432492408772801]","[0.006754782330131257, 0.005308174887248438, -1.4627211873433719]",3.304206875779531,179.34431158399036,,rotation prior off by 179deg (>45),True
101,5,"[-298.923, 638.421, 43.617999999999995, 94.66998837680447, 0.20299894681485067, 179.32473179050166]","[-0.298923, 0.638421, 0.043618]","[2.1218778257701185, 2.3023249979984333, 0.009808275871586185]","[-0.30083169186605685, 0.6411749176378457, 0.04415137639759151]","[-1.9993557657290225e-05, -0.0030089973370736114, -1.4614420064425901]",3.3928833426891254,179.90411924191193,,rotation prior off by 180deg (>45),True
102,5,"[-298.923, 638.421, 43.617999999999995, 94.66998837680447, 0.20299894681485067, 179.32473179050166]","[-0.298923, 0.638421, 0.043618]","[2.1218778257701185, 2.3023249979984333, 0.009808275871586185]","[-0.3006338640396292, 0.6408476180656963, 0.044028075106712125]","[-0.0016496381904494623, -0.004937427623508453, -1.4637595101315046]",2.997280866386221,179.96317241535263,,rotation prior off by 180deg (>45),True
124,7,"[-398.838, 508.501, 43.616, 49.66953937255253, 0.2025978763582591, 179.3249609736197]","[-0.398838, 0.508501, 0.043616]","[2.840000996238526, 1.314392595422382, 0.0027216232423019873]","[-0.39907812572459617, 0.5082708830576779, 0.043561985010556276]","[0.005459477488573523, -0.007490194807421952, -2.258588825310336]",0.33694478752624357,179.70902108676435,,rotation prior off by 180deg (>45),True
125,7,"[-398.838, 508.501, 43.616, 49.66953937255253, 0.2025978763582591, 179.3249609736197]","[-0.398838, 0.508501, 0.043616]","[2.840000996238526, 1.314392595422382, 0.0027216232423019873]","[-0.39907812572459617, 0.5082708830576779, 0.043561985010556276]","[0.005459477488573523, -0.007490194807421952, -2.258588825310336]",0.33694478752624357,179.70902108676435,,rotation prior off by 180deg (>45),True
126,7,"[-398.838, 508.501, 43.616, 49.66953937255253, 0.2025978763582591, 179.3249609736197]","[-0.398838, 0.508501, 0.043616]","[2.840000996238526, 1.314392595422382, 0.0027216232423019873]","[-0.3993555894110358, 0.507730797677136, 0.04373552025754621]","[0.0066561780396103085, -0.00836036824401092, -2.2582286486724135]",0.93562573100853,179.67584183815958,,rotation prior off by 180deg (>45),True
127,7,"[-398.838, 508.501, 43.616, 49.66953937255253, 0.2025978763582591, 179.3249609736197]","[-0.398838, 0.508501, 0.043616]","[2.840000996238526, 1.314392595422382, 0.0027216232423019873]","[-0.39907812572459617, 0.5082708830576779, 0.043561985010556276]","[0.005459477488573523, -0.007490194807421952, -2.258588825310336]",0.33694478752624357,179.70902108676435,,rotation prior off by 180deg (>45),True
128,7,"[-398.838, 508.501, 43.616, 49.66953937255253, 0.2025978763582591, 179.3249609736197]","[-0.398838, 0.508501, 0.043616]","[2.840000996238526, 1.314392595422382, 0.0027216232423019873]","[-0.3979051293355025, 0.5075439246174048, 0.04411609112246534]","[0.009667511890692267, -0.008999345469849125, -2.2566922887350356]",1.4270010845890506,179.56220322047054,,rotation prior off by 180deg (>45),True
129,7,"[-398.838, 508.501, 43.616, 49.66953937255253, 0.2025978763582591, 179.3249609736197]","[-0.398838, 0.508501, 0.043616]","[2.840000996238526, 1.314392595422382, 0.0027216232423019873]","[-0.39907812572459617, 0.5082708830576779, 0.043561985010556276]","[0.005459477488573523, -0.007490194807421952, -2.258588825310336]",0.33694478752624357,179.70902108676435,,rotation prior off by 180deg (>45),True
130,7,"[-398.838, 508.501, 43.616, 49.66953937255253, 0.2025978763582591, 179.3249609736197]","[-0.398838, 0.508501, 0.043616]","[2.840000996238526, 1.314392595422382, 0.0027216232423019873]","[-0.3988675944489716, 0.5080012637581941, 0.043491949446024275]","[0.007052955703464945, -0.008345924112665855, -2.256976695876077]",0.5157525402029758,179.65858991242914,,rotation prior off by 180deg (>45),True
131,7,"[-398.838, 508.501, 43.616, 49.66953937255253, 0.2025978763582591, 179.3249609736197]","[-0.398838, 0.508501, 0.043616]","[2.840000996238526, 1.314392595422382, 0.0027216232423019873]","[-0.3990826642046905, 0.508427133311901, 0.043650191871918625]","[0.00879046488881569, -0.005387741014023389, -2.258353551738256]",0.25784868580785514,179.52976262610946,,rotation prior off by 180deg (>45),True
132,7,"[-398.838, 508.501, 43.616, 49.66953937255253, 0.2025978763582591, 179.3249609736197]","[-0.398838, 0.508501, 0.043616]","[2.840000996238526, 1.314392595422382, 0.0027216232423019873]","[-0.39907812572459617, 0.5082708830576779, 0.043561985010556276]","[0.005459477488573523, -0.007490194807421952, -2.258588825310336]",0.33694478752624357,179.70902108676435,,rotation prior off by 180deg (>45),True
133,7,"[-398.838, 508.501, 43.616, 49.66953937255253, 0.2025978763582591, 179.3249609736197]","[-0.398838, 0.508501, 0.043616]","[2.840000996238526, 1.314392595422382, 0.0027216232423019873]","[-0.39924464367674767, 0.5081646276590316, 0.04366764835935194]","[0.006367035568627626, -0.009673106252198718, -2.258243291994059]",0.5302574701323072,179.71317866795658,,rotation prior off by 180deg (>45),True
134,7,"[-398.838, 508.501, 43.616, 49.66953937255253, 0.2025978763582591, 179.3249609736197]","[-0.398838, 0.508501, 0.043616]","[2.840000996238526, 1.314392595422382, 0.0027216232423019873]","[-0.3985020039605764, 0.5087122527380329, 0.04359557735553729]","[0.008674567044883655, -0.01068176090880369, -2.2583651463895107]",0.397414320629838,179.63659736716048,,rotation prior off by 180deg (>45),True
144,8,"[-398.594, 438.421, 43.614, -50.330388893456416, 0.20231139746069368, 179.3245599031631]","[-0.398594, 0.438421, 0.043614]","[2.835102009929785, -1.3319587230463592, -0.012856618147071714]","[-0.3958728868084867, 0.43551166284180926, 0.04317963858405821]","[0.0018744064433425215, -0.008172456600087915, 2.280735142976092]",4.007164775837926,179.9721049223769,,rotation prior off by 180deg (>45),True
145,8,"[-398.594, 438.421, 43.614, -50.330388893456416, 0.20231139746069368, 179.3245599031631]","[-0.398594, 0.438421, 0.043614]","[2.835102009929785, -1.3319587230463592, -0.012856618147071714]","[-0.39525763377228046, 0.43612914499755073, 0.04364743200849927]","[0.0026489183122587402, -0.0009536827493396317, 2.2823649326070816]",4.047845928010602,179.9191577597979,,rotation prior off by 180deg (>45),True
146,8,"[-398.594, 438.421, 43.614, -50.330388893456416, 0.20231139746069368, 179.3245599031631]","[-0.398594, 0.438421, 0.043614]","[2.835102009929785, -1.3319587230463592, -0.012856618147071714]","[-0.3959258257550071, 0.4351428526187983, 0.04329125853365581]","[0.0025751265460678026, -0.008813092797723214, 2.2787526226062123]",4.239052501281536,179.92992680987518,,rotation prior off by 180deg (>45),True
147,8,"[-398.594, 438.421, 43.614, -50.330388893456416, 0.20231139746069368, 179.3245599031631]","[-0.398594, 0.438421, 0.043614]","[2.835102009929785, -1.3319587230463592, -0.012856618147071714]","[-0.3957707932337628, 0.43650847058099135, 0.043210520455350426]","[-0.0019900657446591096, -0.006224626993453882, 2.2791167017505107]",3.433811434317892,179.83093384700013,,rotation prior off by 180deg (>45),True
148,8,"[-398.594, 438.421, 43.614, -50.330388893456416, 0.20231139746069368, 179.3245599031631]","[-0.398594, 0.438421, 0.043614]","[2.835102009929785, -1.3319587230463592, -0.012856618147071714]","[-0.3958915752551023, 0.4363448572390925, 0.04333438137188164]","[-0.00027039751819474343, -0.005254567511844655, 2.2801863301345047]",3.4193061931764896,179.88280433181873,,rotation prior off by 180deg (>45),True
149,8,"[-398.594, 438.421, 43.614, -50.330388893456416, 0.20231139746069368, 179.3245599031631]","[-0.398594, 0.438421, 0.043614]","[2.835102009929785, -1.3319587230463592, -0.012856618147071714]","[-0.39592400094571, 0.43575042561917454, 0.04324396408827949]","[0.003448494722113782, -0.010273100013000773, 2.2806443522244924]",3.794441862697792,179.86623492902848,,rotation prior off by 180deg (>45),True
150,8,"[-398.594, 438.421, 43.614, -50.330388893456416, 0.20231139746069368, 179.3245599031631]","[-0.398594, 0.438421, 0.043614]","[2.835102009929785, -1.3319587230463592, -0.012856618147071714]","[-0.39586643924407616, 0.43695810177765176, 0.04333093933705712]","[-9.40819602667492e-05, -0.007257790071049509, 2.2775788788805755]",3.1080190194255857,179.92994137723244,,rotation prior off by 180deg (>45),True
151,8,"[-398.594, 438.421, 43.614, -50.330388893456416, 0.20231139746069368, 179.3245599031631]","[-0.398594, 0.438421, 0.043614]","[2.835102009929785, -1.3319587230463592, -0.012856618147071714]","[-0.39640653826378125, 0.4361095984822295, 0.043487915231614604]","[-0.013221363428027086, -0.004218066189771806, 2.2823831391935103]",3.184880404754909,179.32687330059323,,rotation prior off by 179deg (>45),True
152,8,"[-398.594, 438.421, 43.614, -50.330388893456416, 0.20231139746069368, 179.3245599031631]","[-0.398594, 0.438421, 0.043614]","[2.835102009929785, -1.3319587230463592, -0.012856618147071714]","[-0.3952523830261012, 0.43661626759511346, 0.04395637528114624]","[0.0011173671453409777, -0.0029983662735726968, 2.2801933752467933]",3.8132248670431643,179.896349805164,,rotation prior off by 180deg (>45),True
153,8,"[-398.594, 438.421, 43.614, -50.330388893456416, 0.20231139746069368, 179.3245599031631]","[-0.398594, 0.438421, 0.043614]","[2.835102009929785, -1.3319587230463592, -0.012856618147071714]","[-0.3946832210935382, 0.43638410422990986, 0.043283123187960265]","[0.0034130140903360184, -0.0037817810893329847, 2.278873817022122]",4.421833951900957,179.99305463553753,,rotation prior off by 180deg (>45),True
154,8,"[-398.594, 438.421, 43.614, -50.330388893456416, 0.20231139746069368, 179.3245599031631]","[-0.398594, 0.438421, 0.043614]","[2.835102009929785, -1.3319587230463592, -0.012856618147071714]","[-0.39577089556916795, 0.43570743512444815, 0.04320077078709539]","[0.0036777337601096483, -0.009947287321020687, 2.280018015768367]",3.9375260435469364,179.86283076319376,,rotation prior off by 180deg (>45),True
163,9,"[-423.807, 358.483, 43.614, 49.66976855567058, 0.20202491856312826, 179.32484638206066]","[-0.423807, 0.358483, 0.043614]","[2.840000559045119, 1.3143991942400062, 0.002737177946378228]","[-0.42197409619727183, 0.35432567944878757, 0.04323473178520737]","[0.011721113689832375, 0.0005527154922083497, -2.255077404708285]",4.559242798353866,179.29244029436907,,rotation prior off by 179deg (>45),True
164,9,"[-423.807, 358.483, 43.614, 49.66976855567058, 0.20202491856312826, 179.32484638206066]","[-0.423807, 0.358483, 0.043614]","[2.840000559045119, 1.3143991942400062, 0.002737177946378228]","[-0.42402509374052155, 0.35380411726455585, 0.04273735151798769]","[0.012148993961662904, 0.0019556002647452713, -2.253023314326715]",4.765293389992522,179.24664728550508,,rotation prior off by 179deg (>45),True
165,9,"[-423.807, 358.483, 43.614, 49.66976855567058, 0.20202491856312826, 179.32484638206066]","[-0.423807, 0.358483, 0.043614]","[2.840000559045119, 1.3143991942400062, 0.002737177946378228]","[-0.422078565788507, 0.3541067234429878, 0.04330852133360058]","[0.011622780622600713, 0.004418659371126163, -2.251894442183322]",4.715145654435206,179.2205574199459,,rotation prior off by 179deg (>45),True
166,9,"[-423.807, 358.483, 43.614, 49.66976855567058, 0.20202491856312826, 179.32484638206066]","[-0.423807, 0.358483, 0.043614]","[2.840000559045119, 1.3143991942400062, 0.002737177946378228]","[-0.42357384435604917, 0.3542957373404816, 0.04269880695873282]","[0.013808674081677168, 0.005269775294350009, -2.2494738279319804]",4.292447837410153,179.11187026548998,,rotation prior off by 179deg (>45),True
167,9,"[-423.807, 358.483, 43.614, 49.66976855567058, 0.20202491856312826, 179.32484638206066]","[-0.423807, 0.358483, 0.043614]","[2.840000559045119, 1.3143991942400062, 0.002737177946378228]","[-0.4236801720230659, 0.35389348380388896, 0.04283176365339342]","[0.013159297823254581, 0.004461662809361074, -2.249552702866629]",4.657428255169515,179.15458679473716,,rotation prior off by 179deg (>45),True
168,9,"[-423.807, 358.483, 43.614, 49.66976855567058, 0.20202491856312826, 179.32484638206066]","[-0.423807, 0.358483, 0.043614]","[2.840000559045119, 1.3143991942400062, 0.002737177946378228]","[-0.42219463696533016, 0.3542556264785156, 0.04318751138395133]","[0.01179431795284989, 0.001450190542548251, -2.2568850463060905]",4.544479506537185,179.27288943387651,,rotation prior off by 179deg (>45),True
169,9,"[-423.807, 358.483, 43.614, 49.66976855567058, 0.20202491856312826, 179.32484638206066]","[-0.423807, 0.358483, 0.043614]","[2.840000559045119, 1.3143991942400062, 0.002737177946378228]","[-0.4240755515078767, 0.3540038481680543, 0.042631896934387264]","[0.011228802365857467, 0.0005825891986585484, -2.252817897515443]",4.593413488626025,179.3113890017029,,rotation prior off by 179deg (>45),True
170,9,"[-423.807, 358.483, 43.614, 49.66976855567058, 0.20202491856312826, 179.32484638206066]","[-0.423807, 0.358483, 0.043614]","[2.840000559045119, 1.3143991942400062, 0.002737177946378228]","[-0.42357384435604917, 0.3542957373404816, 0.04269880695873282]","[0.013808674081677168, 0.005269775294350009, -2.2494738279319804]",4.292447837410153,179.11187026548998,,rotation prior off by 179deg (>45),True
171,9,"[-423.807, 358.483, 43.614, 49.66976855567058, 0.20202491856312826, 179.32484638206066]","[-0.423807, 0.358483, 0.043614]","[2.840000559045119, 1.3143991942400062, 0.002737177946378228]","[-0.4238679525557436, 0.3536798539364411, 0.042858652142854836]","[0.012023384864143621, 0.0048597696444787186, -2.247964051834084]",4.862558761313542,179.1935462101784,,rotation prior off by 179deg (>45),True
172,9,"[-423.807, 358.483, 43.614, 49.66976855567058, 0.20202491856312826, 179.32484638206066]","[-0.423807, 0.358483, 0.043614]","[2.840000559045119, 1.3143991942400062, 0.002737177946378228]","[-0.42349273953229244, 0.354082359177246, 0.04282300373661227]","[0.01514572992188968, 0.007102294416780883, -2.2499875246511687]",4.482195263612023,179.02099313892595,,rotation prior off by 179deg (>45),True
173,9,"[-423.807, 358.483, 43.614, 49.66976855567058, 0.20202491856312826, 179.32484638206066]","[-0.423807, 0.358483, 0.043614]","[2.840000559045119, 1.3143991942400062, 0.002737177946378228]","[-0.42299981744695037, 0.3541163642293535, 0.04290669381522197]","[0.02125739102630549, 0.002713907999440137, -2.2530724883703472]",4.4965913386100524,178.85247111010804,,rotation prior off by 179deg (>45),True
182,10,"[-383.85200000000003, 278.28000000000003, 43.619, 129.66945906704788, 0.20213951012215442, 179.32541933985578]","[-0.383852, 0.27828, 0.043619]","[1.3323716932940561, 2.8359710862173997, 0.014344623927140705]","[-0.3803861476143886, 0.27292550898148854, 0.04366308037911443]","[-0.005609118357835443, -0.0017948706628286915, -0.8623058257462485]",6.378451999191622,179.98488851170904,,rotation prior off by 180deg (>45),True
183,10,"[-383.85200000000003, 278.28000000000003, 43.619, 129.66945906704788, 0.20213951012215442, 179.32541933985578]","[-0.383852, 0.27828, 0.043619]","[1.3323716932940561, 2.8359710862173997, 0.014344623927140705]","[-0.37948243980232926, 0.2733275123681367, 0.04400515989613529]","[-0.003986401888191374, -2.3597326760925258e-05, -0.8645488399768305]",6.615837779919591,179.88849631783307,,rotation prior off by 180deg (>45),True
184,10,"[-383.85200000000003, 278.28000000000003, 43.619, 129.66945906704788, 0.20213951012215442, 179.32541933985578]","[-0.383852, 0.27828, 0.043619]","[1.3323716932940561, 2.8359710862173997, 0.014344623927140705]","[-0.3793712675343074, 0.273464172124051, 0.04399254337404615]","[-0.004638204920750146, -0.0005924955511539972, -0.8643183651747854]",6.588527620961577,179.93240222649735,,rotation prior off by 180deg (>45),True
185,10,"[-383.85200000000003, 278.28000000000003, 43.619, 129.66945906704788, 0.20213951012215442, 179.32541933985578]","[-0.383852, 0.27828, 0.043619]","[1.3323716932940561, 2.8359710862173997, 0.014344623927140705]","[-0.37948243980232926, 0.2733275123681367, 0.04400515989613529]","[-0.003986401888191374, -2.3597326760925258e-05, -0.8645488399768305]",6.615837779919591,179.88849631783307,,rotation prior off by 180deg (>45),True
186,10,"[-383.85200000000003, 278.28000000000003, 43.619, 129.66945906704788, 0.20213951012215442, 179.32541933985578]","[-0.383852, 0.27828, 0.043619]","[1.3323716932940561, 2.8359710862173997, 0.014344623927140705]","[-0.37940784010555273, 0.2734185636709919, 0.043904233828735484]","[-0.0048109966216997755, -0.001092975459406177, -0.864423536819885]",6.5928354056103355,179.96166926419065,,rotation prior off by 180deg (>45),True
187,10,"[-383.85200000000003, 278.28000000000003, 43.619, 129.66945906704788, 0.20213951012215442, 179.32541933985578]","[-0.383852, 0.27828, 0.043619]","[1.3323716932940561, 2.8359710862173997, 0.014344623927140705]","[-0.37940784010555273, 0.2734185636709919, 0.043904233828735484]","[-0.0048109966216997755, -0.001092975459406177, -0.864423536819885]",6.5928354056103355,179.96166926419065,,rotation prior off by 180deg (>45),True
188,10,"[-383.85200000000003, 278.28000000000003, 43.619, 129.66945906704788, 0.20213951012215442, 179.32541933985578]","[-0.383852, 0.27828, 0.043619]","[1.3323716932940561, 2.8359710862173997, 0.014344623927140705]","[-0.37940784010555273, 0.2734185636709919, 0.043904233828735484]","[-0.0048109966216997755, -0.001092975459406177, -0.864423536819885]",6.5928354056103355,179.96166926419065,,rotation prior off by 180deg (>45),True
189,10,"[-383.85200000000003, 278.28000000000003, 43.619, 129.66945906704788, 0.20213951012215442, 179.32541933985578]","[-0.383852, 0.27828, 0.043619]","[1.3323716932940561, 2.8359710862173997, 0.014344623927140705]","[-0.37950638738314146, 0.2732642696024523, 0.04397753771448912]","[-0.00481628604280923, -0.0003818631332992067, -0.8645031943748763]",6.646085293569122,179.92608159826182,,rotation prior off by 180deg (>45),True
190,10,"[-383.85200000000003, 278.28000000000003, 43.619, 129.66945906704788, 0.20213951012215442, 179.32541933985578]","[-0.383852, 0.27828, 0.043619]","[1.3323716932940561, 2.8359710862173997, 0.014344623927140705]","[-0.37940784010555273, 0.2734185636709919, 0.043904233828735484]","[-0.0048109966216997755, -0.001092975459406177, -0.864423536819885]",6.5928354056103355,179.96166926419065,,rotation prior off by 180deg (>45),True
191,10,"[-383.85200000000003, 278.28000000000003, 43.619, 129.66945906704788, 0.20213951012215442, 179.32541933985578]","[-0.383852, 0.27828, 0.043619]","[1.3323716932940561, 2.8359710862173997, 0.014344623927140705]","[-0.3794750914671838, 0.2731767212946366, 0.04425006298688186]","[-0.002287851317500453, -0.002063252624039777, -0.865591707605426]",6.752704816787697,179.9512368042481,,rotation prior off by 180deg (>45),True
192,10,"[-383.85200000000003, 278.28000000000003, 43.619, 129.66945906704788, 0.20213951012215442, 179.32541933985578]","[-0.383852, 0.27828, 0.043619]","[1.3323716932940561, 2.8359710862173997, 0.014344623927140705]","[-0.37940784010555273, 0.2734185636709919, 0.043904233828735484]","[-0.0048109966216997755, -0.001092975459406177, -0.864423536819885]",6.5928354056103355,179.96166926419065,,rotation prior off by 180deg (>45),True
201,11,"[-313.808, 278.397, 43.617000000000004, 78.66974087731963, 0.20213951012215442, 179.32507556517874]","[-0.313808, 0.278397, 0.043617]","[2.421075292854911, 1.9841310379026795, 0.007415357516389459]","[-0.3384003945575913, 0.2752488161452793, 0.04404819435101155]","[-0.004476646414281942, -0.0041186396808413775, -1.3782827114823404]",24.796831657042688,179.9918990608868,,rotation prior off by 180deg (>45),True
202,11,"[-313.808, 278.397, 43.617000000000004, 78.66974087731963, 0.20213951012215442, 179.32507556517874]","[-0.313808, 0.278397, 0.043617]","[2.421075292854911, 1.9841310379026795, 0.007415357516389459]","[-0.3374137337372801, 0.27513502140220725, 0.044022749496428704]","[-0.005988170590824917, -0.003685685071685247, -1.3938832728216237]",23.83350167939402,179.95662004177828,,rotation prior off by 180deg (>45),True
203,11,"[-313.808, 278.397, 43.617000000000004, 78.66974087731963, 0.20213951012215442, 179.32507556517874]","[-0.313808, 0.278397, 0.043617]","[2.421075292854911, 1.9841310379026795, 0.007415357516389459]","[-0.3400216399230176, 0.27509868852753283, 0.0441746776956142]","[-0.002850100562688983, -0.0049865619850411325, -1.3567804104925187]",26.42621389823402,179.94851524359623,,rotation prior off by 180deg (>45),True
204,11,"[-313.808, 278.397, 43.617000000000004, 78.66974087731963, 0.20213951012215442, 179.32507556517874]","[-0.313808, 0.278397, 0.043617]","[2.421075292854911, 1.9841310379026795, 0.007415357516389459]","[-0.3400216399230176, 0.27509868852753283, 0.0441746776956142]","[-0.002850100562688983, -0.0049865619850411325, -1.3567804104925187]",26.42621389823402,179.94851524359623,,rotation prior off by 180deg (>45),True
205,11,"[-313.808, 278.397, 43.617000000000004, 78.66974087731963, 0.20213951012215442, 179.32507556517874]","[-0.313808, 0.278397, 0.043617]","[2.421075292854911, 1.9841310379026795, 0.007415357516389459]","[-0.3374137337372801, 0.27513502140220725, 0.044022749496428704]","[-0.005988170590824917, -0.003685685071685247, -1.3938832728216237]",23.83350167939402,179.95662004177828,,rotation prior off by 180deg (>45),True
206,11,"[-313.808, 278.397, 43.617000000000004, 78.66974087731963, 0.20213951012215442, 179.32507556517874]","[-0.313808, 0.278397, 0.043617]","[2.421075292854911, 1.9841310379026795, 0.007415357516389459]","[-0.3400216399230176, 0.27509868852753283, 0.0441746776956142]","[-0.002850100562688983, -0.0049865619850411325, -1.3567804104925187]",26.42621389823402,179.94851524359623,,rotation prior off by 180deg (>45),True
207,11,"[-313.808, 278.397, 43.617000000000004, 78.66974087731963, 0.20213951012215442, 179.32507556517874]","[-0.313808, 0.278397, 0.043617]","[2.421075292854911, 1.9841310379026795, 0.007415357516389459]","[-0.3384003945575913, 0.2752488161452793, 0.04404819435101155]","[-0.004476646414281942, -0.0041186396808413775, -1.3782827114823404]",24.796831657042688,179.9918990608868,,rotation prior off by 180deg (>45),True
208,11,"[-313.808, 278.397, 43.617000000000004, 78.66974087731963, 0.20213951012215442, 179.32507556517874]","[-0.313808, 0.278397, 0.043617]","[2.421075292854911, 1.9841310379026795, 0.007415357516389459]","[-0.34074739559161515, 0.27451381546961895, 0.04415999567792232]","[-0.002356727142072037, -0.0071968987914743, -1.344648963176832]",27.22324376786813,179.99927367893994,,rotation prior off by 180deg (>45),True
209,11,"[-313.808, 278.397, 43.617000000000004, 78.66974087731963, 0.20213951012215442, 179.32507556517874]","[-0.313808, 0.278397, 0.043617]","[2.421075292854911, 1.9841310379026795, 0.007415357516389459]","[-0.33804318369757425, 0.27610125495515714, 0.04420468769236241]","[-0.0048051295631973134, -0.006182740703293702, -1.3873197859456023]",24.350769002022155,179.92311711506986,,rotation prior off by 180deg (>45),True
210,11,"[-313.808, 278.397, 43.617000000000004, 78.66974087731963, 0.20213951012215442, 179.32507556517874]","[-0.313808, 0.278397, 0.043617]","[2.421075292854911, 1.9841310379026795, 0.007415357516389459]","[-0.3374137337372801, 0.27513502140220725, 0.044022749496428704]","[-0.005988170590824917, -0.003685685071685247, -1.3938832728216237]",23.83350167939402,179.95662004177828,,rotation prior off by 180deg (>45),True
211,11,"[-313.808, 278.397, 43.617000000000004, 78.66974087731963, 0.20213951012215442, 179.32507556517874]","[-0.313808, 0.278397, 0.043617]","[2.421075292854911, 1.9841310379026795, 0.007415357516389459]","[-0.3374137337372801, 0.27513502140220725, 0.044022749496428704]","[-0.005988170590824917, -0.003685685071685247, -1.3938832728216237]",23.83350167939402,179.95662004177828,,rotation prior off by 180deg (>45),True
