method,status,converged_runs,total_runs,n_registered_fixed_cameras,train_overall_rmse_px,train_board_rmse_px,train_cube_rmse_px,test_overall_rmse_px,test_board_rmse_px,test_cube_rmse_px,cross_view_pixel_transfer_rmse_px,e_cross_translation_rmse_mm,e_cross_rotation_rmse_deg,e_e2e_translation_rmse_mm,e_e2e_rotation_rmse_deg,cross_target_overall_rmse_px,cross_target_board_rmse_px,cross_target_cube_rmse_px,confirmatory_ready
A0,complete,3,3,3,3.8654,3.8654,,2.4675,2.4675,,11.7971,14.2795,0.8603,2.9446,0.9976,2.0193,2.1445,1.7148,false
A1,complete,3,3,3,3.7146,3.8614,3.1305,2.9942,2.5090,4.2264,12.7282,15.8616,0.8086,3.7887,0.7973,2.0975,2.2221,1.7962,false
A2,complete,3,3,3,3.7118,3.8660,3.0952,2.9715,2.4863,4.2015,12.0222,14.8495,0.8437,3.4324,0.8177,2.0628,2.2345,1.6268,false
A3,complete,3,3,3,3.9662,3.9396,4.0604,2.5315,2.5019,2.6276,9.6520,11.5631,0.8442,3.1686,0.9167,2.0105,2.2072,1.4945,false
A4,preflight_simulation_prior,3,3,3,3.7115,3.8668,3.0895,2.9525,2.4861,4.1435,11.9717,14.7545,0.8466,3.3922,0.8144,2.0592,2.2310,1.6228,false
A5,not_run,0,0,,,,,,,,,,,,,,,,false
B1,preflight_simulation_prior,3,3,3,3.7136,3.8623,3.1213,2.9729,2.5082,4.1624,12.6368,15.7124,0.8119,3.7334,0.7944,2.0903,2.2169,1.7833,false
B2,preflight_simulation_prior,3,3,3,3.0497,,3.0497,4.2202,,4.2202,11.1316,14.0157,1.0872,4.1085,0.8250,2.9214,3.0008,2.7403,false
B3,complete,3,3,3,3.8654,3.8654,,2.4675,2.4675,,11.7964,14.2776,0.8608,2.9440,0.9978,2.0195,2.1446,1.7152,false
