event_id,camera_id,set_idx,is_gripper_camera,detected_marker_ids,marker_ids,observed_faces,observed_face_count,noncoplanar_face_count,is_planar,quality_tier,pnp_rmse_px,pnp_inlier_fraction,pnp_solver,positive_depth_candidate_count,pnp_candidate_count,pnp_accepted,detection_method,redetection_attempted,redetection_selected,recovered_core_observation,redetection_max_rmse_px,detection_candidate_count,baseline_detected_marker_ids,baseline_marker_ids,baseline_quality_tier,baseline_pnp_rmse_px,legacy_policy_selected,core_multiface_selected,selected_for_calibration,selection_reason,status
0,0,0,False,0;1;2;5,0;1;2;5,+X;+Z;-Y,3,3,False,nonplanar_multiface,2.030555175341439,0.9375,RANSAC-EPNP+LM,1,1,True,default,False,False,False,,1,0;1;2;5,0;1;2;5,nonplanar_multiface,2.030555175341439,True,True,True,selected,accepted
0,1,0,False,0;3;4,0;3;4,+Y;+Z;-X,3,3,False,nonplanar_multiface,1.110488318059616,1.0,RANSAC-EPNP+LM,1,1,True,default,False,False,False,,1,0;3;4,0;3;4,nonplanar_multiface,1.110488318059616,True,True,True,selected,accepted
0,2,0,True,0;1;2,0;1;2,+X;+Z,2,2,False,nonplanar_multiface,2.396561436503537,0.9166666666666666,RANSAC-EPNP+LM,1,1,True,default,False,False,False,,1,0;1;2,0;1;2,nonplanar_multiface,2.396561436503537,True,True,True,selected,accepted
0,3,0,False,2;3,2;3,+X;+Y,2,2,False,nonplanar_multiface,0.6468894535034133,1.0,RANSAC-EPNP+LM,1,1,True,default,False,False,False,,1,2;3,2;3,nonplanar_multiface,0.6468894535034133,True,True,True,selected,accepted
1,2,0,True,1,1,+Z,1,0,True,single_marker,0.29060002614711333,1.0,IPPE,2,2,True,default,True,False,False,3.0,5,1,1,single_marker,0.29060002614711333,True,False,False,noncore_single_marker,accepted
2,2,0,True,1;3,1;3,+Y;+Z,2,2,False,nonplanar_multiface,1.1260802178126355,1.0,RANSAC-EPNP+LM,1,1,True,default,False,False,False,,1,1;3,1;3,nonplanar_multiface,1.1260802178126355,True,True,True,selected,accepted
3,2,0,True,,,,0,0,,none,,,,0,0,False,default,True,False,False,3.0,5,,,none,,False,False,False,pnp_not_accepted,no_markers_detected
4,2,0,True,3,3,+Y,1,0,True,single_marker,0.34946140891032446,1.0,IPPE,2,2,True,up2_subpixel,True,True,False,3.0,5,3,3,single_marker,0.43579452221158677,True,False,False,noncore_single_marker,accepted
5,2,0,True,3,3,+Y,1,0,True,single_marker,0.356000858342897,1.0,IPPE,2,2,True,native_relaxed_subpixel,True,True,False,3.0,5,3,3,single_marker,0.688506453898455,True,False,False,noncore_single_marker,accepted
6,0,1,False,0;1;5,0;1;5,+Z;-Y,2,2,False,nonplanar_multiface,0.8924885371794051,1.0,RANSAC-EPNP+LM,1,1,True,default,False,False,False,,1,0;1;5,0;1;5,nonplanar_multiface,0.8924885371794051,True,True,True,selected,accepted
6,1,1,False,1;3;4,1;3;4,+Y;+Z;-X,3,3,False,nonplanar_multiface,0.9279410586010838,1.0,RANSAC-EPNP+LM,1,1,True,default,False,False,False,,1,1;3;4,1;3;4,nonplanar_multiface,0.9279410586010838,True,True,True,selected,accepted
6,2,1,True,0;1;5,0;1;5,+Z;-Y,2,2,False,nonplanar_multiface,0.8841342048856032,1.0,RANSAC-EPNP+LM,1,1,True,default,False,False,False,,1,0;1;5,0;1;5,nonplanar_multiface,0.8841342048856032,True,True,True,selected,accepted
6,3,1,False,2;3,2;3,+X;+Y,2,2,False,nonplanar_multiface,1.6460242550931905,0.875,RANSAC-EPNP+LM,1,1,True,default,False,False,False,,1,2;3,2;3,nonplanar_multiface,1.6460242550931905,True,True,True,selected,accepted
7,2,1,True,3,3,+Y,1,0,True,single_marker,0.09905099399616611,1.0,IPPE,2,2,True,up2_subpixel,True,True,False,3.0,5,3,3,single_marker,0.7179270668873529,True,False,False,noncore_single_marker,accepted
8,2,1,True,0;1;3;4,0;1;3;4,+Y;+Z;-X,3,3,False,nonplanar_multiface,2.3662606289353056,0.9375,RANSAC-EPNP+LM,1,1,True,default,False,False,False,,1,0;1;3;4,0;1;3;4,nonplanar_multiface,2.3662606289353056,True,True,True,selected,accepted
9,2,1,True,1;3,1;3,+Y;+Z,2,2,False,nonplanar_multiface,0.6697602664039123,1.0,RANSAC-EPNP+LM,1,1,True,up2_unsharp_relaxed,True,True,True,3.0,5,3,3,single_marker,0.16123404570191152,True,True,True,selected,accepted
10,2,1,True,3,3,+Y,1,0,True,single_marker,0.12532610774183175,1.0,IPPE,2,2,True,up2_unsharp_relaxed,True,True,False,3.0,5,3,3,single_marker,0.23071807569943,True,False,False,noncore_single_marker,accepted
11,2,1,True,0;1;3;4,0;1;3;4,+Y;+Z;-X,3,3,False,nonplanar_multiface,5.418184223004402,0.8125,RANSAC-EPNP+LM,1,1,False,default,True,False,False,3.0,5,0;1;3;4,0;1;3;4,nonplanar_multiface,5.418184223004402,False,False,False,pnp_not_accepted,pnp_rmse_rejected
12,0,2,False,0;1;2,0;1;2,+X;+Z,2,2,False,nonplanar_multiface,0.8166036341762404,1.0,RANSAC-EPNP+LM,1,1,True,default,False,False,False,,1,0;1;2,0;1;2,nonplanar_multiface,0.8166036341762404,True,True,True,selected,accepted
12,1,2,False,4;5,4;5,-X;-Y,2,2,False,nonplanar_multiface,0.7996282149260923,1.0,RANSAC-EPNP+LM,1,1,True,default,False,False,False,,1,4;5,4;5,nonplanar_multiface,0.7996282149260923,True,True,True,selected,accepted
12,2,2,True,0;1;2;5,0;1;2;5,+X;+Z;-Y,3,3,False,nonplanar_multiface,1.483459883328119,1.0,RANSAC-EPNP+LM,1,1,True,default,False,False,False,,1,0;1;2;5,0;1;2;5,nonplanar_multiface,1.483459883328119,True,True,True,selected,accepted
12,3,2,False,3;4,3;4,+Y;-X,2,2,False,nonplanar_multiface,0.9601411861223721,1.0,RANSAC-EPNP+LM,1,1,True,default,False,False,False,,1,3;4,3;4,nonplanar_multiface,0.9601411861223721,True,True,True,selected,accepted
13,2,2,True,1;4;5,1;4;5,+Z;-X;-Y,3,3,False,nonplanar_multiface,1.6969963003311561,1.0,RANSAC-EPNP+LM,1,1,True,default,False,False,False,,1,1;4;5,1;4;5,nonplanar_multiface,1.6969963003311561,True,True,True,selected,accepted
14,2,2,True,,,,0,0,,none,,,,0,0,False,default,True,False,False,3.0,5,,,none,,False,False,False,pnp_not_accepted,no_markers_detected
15,2,2,True,0;1;5,0;1;5,+Z;-Y,2,2,False,nonplanar_multiface,17.185343879644627,0.75,RANSAC-EPNP+LM,1,1,False,default,True,False,False,3.0,5,0;1;5,0;1;5,nonplanar_multiface,17.185343879644627,False,False,False,pnp_not_accepted,pnp_rmse_rejected
16,2,2,True,0;4;5,0;4;5,+Z;-X;-Y,3,3,False,nonplanar_multiface,1.2998477363233065,1.0,RANSAC-EPNP+LM,1,1,True,default,False,False,False,,1,0;4;5,0;4;5,nonplanar_multiface,1.2998477363233065,True,True,True,selected,accepted
17,2,2,True,,,,0,0,,none,,,,0,0,False,default,True,False,False,3.0,5,,,none,,False,False,False,pnp_not_accepted,no_markers_detected
18,0,3,False,0;1;4;5,0;1;4;5,+Z;-X;-Y,3,3,False,nonplanar_multiface,1.3464348059171247,0.9375,RANSAC-EPNP+LM,1,1,True,default,False,False,False,,1,0;1;4;5,0;1;4;5,nonplanar_multiface,1.3464348059171247,True,True,True,selected,accepted
18,1,3,False,3;4,3;4,+Y;-X,2,2,False,nonplanar_multiface,0.49553882873392774,1.0,RANSAC-EPNP+LM,1,1,True,default,False,False,False,,1,3;4,3;4,nonplanar_multiface,0.49553882873392774,True,True,True,selected,accepted
18,2,3,True,0;1;4;5,0;1;4;5,+Z;-X;-Y,3,3,False,nonplanar_multiface,1.6631876841301063,1.0,RANSAC-EPNP+LM,1,1,True,default,False,False,False,,1,0;1;4;5,0;1;4;5,nonplanar_multiface,1.6631876841301063,True,True,True,selected,accepted
18,3,3,False,2;3,2;3,+X;+Y,2,2,False,nonplanar_multiface,1.5800119382748248,0.875,RANSAC-EPNP+LM,1,1,True,default,False,False,False,,1,2;3,2;3,nonplanar_multiface,1.5800119382748248,True,True,True,selected,accepted
19,2,3,True,0,0,+Z,1,0,True,single_marker,0.4649187734750372,1.0,IPPE,2,2,True,up2_unsharp_relaxed,True,True,False,3.0,5,,,none,,True,False,False,noncore_single_marker,accepted
20,2,3,True,,,,0,0,,none,,,,0,0,False,default,True,False,False,3.0,5,,,none,,False,False,False,pnp_not_accepted,no_markers_detected
21,2,3,True,4,4,-X,1,0,True,single_marker,1.372208599136266,1.0,IPPE,2,2,True,up2_subpixel,True,True,False,3.0,5,4,4,single_marker,2.237387514184878,True,False,False,noncore_single_marker,accepted
22,2,3,True,1;3,1;3,+Y;+Z,2,2,False,nonplanar_multiface,0.8304217684160292,1.0,RANSAC-EPNP+LM,1,1,True,default,False,False,False,,1,1;3,1;3,nonplanar_multiface,0.8304217684160292,True,True,True,selected,accepted
23,2,3,True,,,,0,0,,none,,,,0,0,False,default,True,False,False,3.0,5,,,none,,False,False,False,pnp_not_accepted,no_markers_detected
24,0,4,False,0;1;3;4,0;1;3;4,+Y;+Z;-X,3,3,False,nonplanar_multiface,0.9539561664461841,1.0,RANSAC-EPNP+LM,1,1,True,default,False,False,False,,1,0;1;3;4,0;1;3;4,nonplanar_multiface,0.9539561664461841,True,True,True,selected,accepted
24,1,4,False,2;3,2;3,+X;+Y,2,2,False,nonplanar_multiface,0.7535819018911403,1.0,RANSAC-EPNP+LM,1,1,True,default,False,False,False,,1,2;3,2;3,nonplanar_multiface,0.7535819018911403,True,True,True,selected,accepted
24,2,4,True,0;1;3;4,0;1;3;4,+Y;+Z;-X,3,3,False,nonplanar_multiface,0.9348145858503911,1.0,RANSAC-EPNP+LM,1,1,True,default,False,False,False,,1,0;1;3;4,0;1;3;4,nonplanar_multiface,0.9348145858503911,True,True,True,selected,accepted
24,3,4,False,0;2;5,0;2;5,+X;+Z;-Y,3,3,False,nonplanar_multiface,1.9600238969093897,0.9166666666666666,RANSAC-EPNP+LM,1,1,True,default,False,False,False,,1,0;2;5,0;2;5,nonplanar_multiface,1.9600238969093897,True,True,True,selected,accepted
25,2,4,True,2;3,2;3,+X;+Y,2,2,False,nonplanar_multiface,0.7251502887485971,1.0,RANSAC-EPNP+LM,1,1,True,native_relaxed_subpixel,True,True,True,3.0,5,3,3,single_marker,0.3228634329467372,True,True,True,selected,accepted
26,2,4,True,0;1;4,0;1;4,+Z;-X,2,2,False,nonplanar_multiface,1.3711958348397046,1.0,RANSAC-EPNP+LM,1,1,True,default,False,False,False,,1,0;1;4,0;1;4,nonplanar_multiface,1.3711958348397046,True,True,True,selected,accepted
27,2,4,True,0;1;2;3,0;1;2;3,+X;+Y;+Z,3,3,False,nonplanar_multiface,2.447340486352568,0.9375,RANSAC-EPNP+LM,1,1,True,default,False,False,False,,1,0;1;2;3,0;1;2;3,nonplanar_multiface,2.447340486352568,True,True,True,selected,accepted
28,2,4,True,,,,0,0,,none,,,,0,0,False,default,True,False,False,3.0,5,,,none,,False,False,False,pnp_not_accepted,no_markers_detected
29,2,4,True,3;4,3;4,+Y;-X,2,2,False,nonplanar_multiface,0.9001030450855352,1.0,RANSAC-EPNP+LM,1,1,True,default,False,False,False,,1,3;4,3;4,nonplanar_multiface,0.9001030450855352,True,True,True,selected,accepted
30,0,5,False,1;2;3,1;2;3,+X;+Y;+Z,3,3,False,nonplanar_multiface,1.1317733156194205,1.0,RANSAC-EPNP+LM,1,1,True,default,False,False,False,,1,1;2;3,1;2;3,nonplanar_multiface,1.1317733156194205,True,True,True,selected,accepted
30,1,5,False,2;5,2;5,+X;-Y,2,2,False,nonplanar_multiface,1.0400072065933086,1.0,RANSAC-EPNP+LM,1,1,True,default,False,False,False,,1,2;5,2;5,nonplanar_multiface,1.0400072065933086,True,True,True,selected,accepted
30,2,5,True,2;3,2;3,+X;+Y,2,2,False,nonplanar_multiface,0.8803747155532539,1.0,RANSAC-EPNP+LM,1,1,True,default,False,False,False,,1,2;3,2;3,nonplanar_multiface,0.8803747155532539,True,True,True,selected,accepted
30,3,5,False,0;1;4;5,0;1;4;5,+Z;-X;-Y,3,3,False,nonplanar_multiface,1.4140138085963518,0.9375,RANSAC-EPNP+LM,1,1,True,default,False,False,False,,1,0;1;4;5,0;1;4;5,nonplanar_multiface,1.4140138085963518,True,True,True,selected,accepted
31,2,5,True,2;5,2;5,+X;-Y,2,2,False,nonplanar_multiface,1.0825645261013204,1.0,RANSAC-EPNP+LM,1,1,True,default,False,False,False,,1,2;5,2;5,nonplanar_multiface,1.0825645261013204,True,True,True,selected,accepted
32,2,5,True,0;1;3,0;1;3,+Y;+Z,2,2,False,nonplanar_multiface,1.663823324821234,1.0,RANSAC-EPNP+LM,1,1,True,default,False,False,False,,1,0;1;3,0;1;3,nonplanar_multiface,1.663823324821234,True,True,True,selected,accepted
33,2,5,True,0;1;2;5,0;1;2;5,+X;+Z;-Y,3,3,False,nonplanar_multiface,1.1508473667862722,1.0,RANSAC-EPNP+LM,1,1,True,default,False,False,False,,1,0;1;2;5,0;1;2;5,nonplanar_multiface,1.1508473667862722,True,True,True,selected,accepted
34,2,5,True,,,,0,0,,none,,,,0,0,False,default,True,False,False,3.0,5,,,none,,False,False,False,pnp_not_accepted,no_markers_detected
35,2,5,True,0;1;3,0;1;3,+Y;+Z,2,2,False,nonplanar_multiface,0.9727008933333217,1.0,RANSAC-EPNP+LM,1,1,True,default,False,False,False,,1,0;1;3,0;1;3,nonplanar_multiface,0.9727008933333217,True,True,True,selected,accepted
36,0,6,False,4;5,4;5,-X;-Y,2,2,False,nonplanar_multiface,1.4252881269746827,1.0,RANSAC-EPNP+LM,1,1,True,default,False,False,False,,1,4;5,4;5,nonplanar_multiface,1.4252881269746827,True,True,True,selected,accepted
36,1,6,False,1;3;4,1;3;4,+Y;+Z;-X,3,3,False,nonplanar_multiface,1.074350633319375,1.0,RANSAC-EPNP+LM,1,1,True,default,False,False,False,,1,1;3;4,1;3;4,nonplanar_multiface,1.074350633319375,True,True,True,selected,accepted
36,2,6,True,0;1;4,0;1;4,+Z;-X,2,2,False,nonplanar_multiface,0.8921798308906206,1.0,RANSAC-EPNP+LM,1,1,True,default,False,False,False,,1,0;1;4,0;1;4,nonplanar_multiface,0.8921798308906206,True,True,True,selected,accepted
36,3,6,False,0;1;2;5,0;1;2;5,+X;+Z;-Y,3,3,False,nonplanar_multiface,1.0240537455861747,1.0,RANSAC-EPNP+LM,1,1,True,default,False,False,False,,1,0;1;2;5,0;1;2;5,nonplanar_multiface,1.0240537455861747,True,True,True,selected,accepted
37,2,6,True,0;1;3;4,0;1;3;4,+Y;+Z;-X,3,3,False,nonplanar_multiface,0.8744894449618358,1.0,RANSAC-EPNP+LM,1,1,True,default,False,False,False,,1,0;1;3;4,0;1;3;4,nonplanar_multiface,0.8744894449618358,True,True,True,selected,accepted
38,2,6,True,0;1;4;5,0;1;4;5,+Z;-X;-Y,3,3,False,nonplanar_multiface,2.2642974260986173,0.9375,RANSAC-EPNP+LM,1,1,True,default,False,False,False,,1,0;1;4;5,0;1;4;5,nonplanar_multiface,2.2642974260986173,True,True,True,selected,accepted
39,2,6,True,1;3;4,1;3;4,+Y;+Z;-X,3,3,False,nonplanar_multiface,0.8228980567383534,1.0,RANSAC-EPNP+LM,1,1,True,default,False,False,False,,1,1;3;4,1;3;4,nonplanar_multiface,0.8228980567383534,True,True,True,selected,accepted
40,2,6,True,3,3,+Y,1,0,True,single_marker,1.0839401574101044,1.0,IPPE,2,2,True,native_relaxed_subpixel,True,True,False,3.0,5,,,none,,True,False,False,noncore_single_marker,accepted
41,2,6,True,0;1;4;5,0;1;4;5,+Z;-X;-Y,3,3,False,nonplanar_multiface,1.1666049390331938,1.0,RANSAC-EPNP+LM,1,1,True,default,False,False,False,,1,0;1;4;5,0;1;4;5,nonplanar_multiface,1.1666049390331938,True,True,True,selected,accepted
42,0,7,False,3;4,3;4,+Y;-X,2,2,False,nonplanar_multiface,0.6779540767458299,1.0,RANSAC-EPNP+LM,1,1,True,default,False,False,False,,1,3;4,3;4,nonplanar_multiface,0.6779540767458299,True,True,True,selected,accepted
42,1,7,False,2;3,2;3,+X;+Y,2,2,False,nonplanar_multiface,0.6319504480564399,1.0,RANSAC-EPNP+LM,1,1,True,default,False,False,False,,1,2;3,2;3,nonplanar_multiface,0.6319504480564399,True,True,True,selected,accepted
42,2,7,True,1;3,1;3,+Y;+Z,2,2,False,nonplanar_multiface,0.6540676347777638,1.0,RANSAC-EPNP+LM,1,1,True,default,False,False,False,,1,1;3,1;3,nonplanar_multiface,0.6540676347777638,True,True,True,selected,accepted
42,3,7,False,0;4;5,0;4;5,+Z;-X;-Y,3,3,False,nonplanar_multiface,1.3320464569317267,1.0,RANSAC-EPNP+LM,1,1,True,default,False,False,False,,1,0;4;5,0;4;5,nonplanar_multiface,1.3320464569317267,True,True,True,selected,accepted
43,2,7,True,0;1;2;3,0;1;2;3,+X;+Y;+Z,3,3,False,nonplanar_multiface,1.486259618135774,1.0,RANSAC-EPNP+LM,1,1,True,default,False,False,False,,1,0;1;2;3,0;1;2;3,nonplanar_multiface,1.486259618135774,True,True,True,selected,accepted
44,2,7,True,0;1;3;4,0;1;3;4,+Y;+Z;-X,3,3,False,nonplanar_multiface,1.5370869306214172,1.0,RANSAC-EPNP+LM,1,1,True,default,False,False,False,,1,0;1;3;4,0;1;3;4,nonplanar_multiface,1.5370869306214172,True,True,True,selected,accepted
45,2,7,True,0;1;2,0;1;2,+X;+Z,2,2,False,nonplanar_multiface,1.2641678871154443,1.0,RANSAC-EPNP+LM,1,1,True,default,False,False,False,,1,0;1;2,0;1;2,nonplanar_multiface,1.2641678871154443,True,True,True,selected,accepted
46,2,7,True,0;1;3;4,0;1;3;4,+Y;+Z;-X,3,3,False,nonplanar_multiface,0.9890283147658061,1.0,RANSAC-EPNP+LM,1,1,True,default,False,False,False,,1,0;1;3;4,0;1;3;4,nonplanar_multiface,0.9890283147658061,True,True,True,selected,accepted
47,2,7,True,0;1;3,0;1;3,+Y;+Z,2,2,False,nonplanar_multiface,0.43983887239088426,1.0,RANSAC-EPNP+LM,1,1,True,up2_unsharp_relaxed,True,True,True,3.0,5,3,3,single_marker,0.13429695044429568,True,True,True,selected,accepted
48,0,8,False,1;4;5,1;4;5,+Z;-X;-Y,3,3,False,nonplanar_multiface,0.9031021606794387,1.0,RANSAC-EPNP+LM,1,1,True,default,False,False,False,,1,1;4;5,1;4;5,nonplanar_multiface,0.9031021606794387,True,True,True,selected,accepted
48,1,8,False,0;1;3;4,0;1;3;4,+Y;+Z;-X,3,3,False,nonplanar_multiface,1.0143030288794768,1.0,RANSAC-EPNP+LM,1,1,True,default,False,False,False,,1,0;1;3;4,0;1;3;4,nonplanar_multiface,1.0143030288794768,True,True,True,selected,accepted
48,2,8,True,0;1;4;5,0;1;4;5,+Z;-X;-Y,3,3,False,nonplanar_multiface,0.9354911840250201,1.0,RANSAC-EPNP+LM,1,1,True,default,False,False,False,,1,0;1;4;5,0;1;4;5,nonplanar_multiface,0.9354911840250201,True,True,True,selected,accepted
48,3,8,False,0;5,0;5,+Z;-Y,2,2,False,nonplanar_multiface,0.9064935379317288,1.0,RANSAC-EPNP+LM,1,1,True,default,False,False,False,,1,0;5,0;5,nonplanar_multiface,0.9064935379317288,True,True,True,selected,accepted
49,2,8,True,0;1;5,0;1;5,+Z;-Y,2,2,False,nonplanar_multiface,1.2155946824941093,1.0,RANSAC-EPNP+LM,1,1,True,default,False,False,False,,1,0;1;5,0;1;5,nonplanar_multiface,1.2155946824941093,True,True,True,selected,accepted
50,2,8,True,0;1;4,0;1;4,+Z;-X,2,2,False,nonplanar_multiface,1.0553979257577635,1.0,RANSAC-EPNP+LM,1,1,True,default,False,False,False,,1,0;1;4,0;1;4,nonplanar_multiface,1.0553979257577635,True,True,True,selected,accepted
51,2,8,True,0;1;4;5,0;1;4;5,+Z;-X;-Y,3,3,False,nonplanar_multiface,1.0963887658032776,1.0,RANSAC-EPNP+LM,1,1,True,default,False,False,False,,1,0;1;4;5,0;1;4;5,nonplanar_multiface,1.0963887658032776,True,True,True,selected,accepted
52,2,8,True,0;1;4;5,0;1;4;5,+Z;-X;-Y,3,3,False,nonplanar_multiface,1.0542385775020626,1.0,RANSAC-EPNP+LM,1,1,True,default,False,False,False,,1,0;1;4;5,0;1;4;5,nonplanar_multiface,1.0542385775020626,True,True,True,selected,accepted
53,2,8,True,0;1;4;5,0;1;4;5,+Z;-X;-Y,3,3,False,nonplanar_multiface,1.094898769214372,1.0,RANSAC-EPNP+LM,1,1,True,default,False,False,False,,1,0;1;4;5,0;1;4;5,nonplanar_multiface,1.094898769214372,True,True,True,selected,accepted
54,0,9,False,1;3;4,1;3;4,+Y;+Z;-X,3,3,False,nonplanar_multiface,0.7899849072831475,1.0,RANSAC-EPNP+LM,1,1,True,default,False,False,False,,1,1;3;4,1;3;4,nonplanar_multiface,0.7899849072831475,True,True,True,selected,accepted
54,1,9,False,0;1;2;3,0;1;2;3,+X;+Y;+Z,3,3,False,nonplanar_multiface,1.1578564966584026,1.0,RANSAC-EPNP+LM,1,1,True,default,False,False,False,,1,0;1;2;3,0;1;2;3,nonplanar_multiface,1.1578564966584026,True,True,True,selected,accepted
54,2,9,True,0;1;3;4,0;1;3;4,+Y;+Z;-X,3,3,False,nonplanar_multiface,0.8907332451921346,1.0,RANSAC-EPNP+LM,1,1,True,default,False,False,False,,1,0;1;3;4,0;1;3;4,nonplanar_multiface,0.8907332451921346,True,True,True,selected,accepted
54,3,9,False,4;5,4;5,-X;-Y,2,2,False,nonplanar_multiface,1.2790453956375045,1.0,RANSAC-EPNP+LM,1,1,True,default,False,False,False,,1,4;5,4;5,nonplanar_multiface,1.2790453956375045,True,True,True,selected,accepted
55,2,9,True,0;1;4,0;1;4,+Z;-X,2,2,False,nonplanar_multiface,1.5370159668645502,1.0,RANSAC-EPNP+LM,1,1,True,default,False,False,False,,1,0;1;4,0;1;4,nonplanar_multiface,1.5370159668645502,True,True,True,selected,accepted
56,2,9,True,0;3,0;3,+Y;+Z,2,2,False,nonplanar_multiface,1.0935414877440908,1.0,RANSAC-EPNP+LM,1,1,True,default,False,False,False,,1,0;3,0;3,nonplanar_multiface,1.0935414877440908,True,True,True,selected,accepted
57,2,9,True,0;1;3;4,0;1;3;4,+Y;+Z;-X,3,3,False,nonplanar_multiface,1.4283627025608472,1.0,RANSAC-EPNP+LM,1,1,True,default,False,False,False,,1,0;1;3;4,0;1;3;4,nonplanar_multiface,1.4283627025608472,True,True,True,selected,accepted
58,2,9,True,0;1;3;4,0;1;3;4,+Y;+Z;-X,3,3,False,nonplanar_multiface,1.3029432527997549,1.0,RANSAC-EPNP+LM,1,1,True,default,False,False,False,,1,0;1;3;4,0;1;3;4,nonplanar_multiface,1.3029432527997549,True,True,True,selected,accepted
59,2,9,True,0;1;3,0;1;3,+Y;+Z,2,2,False,nonplanar_multiface,0.6730204870430473,1.0,RANSAC-EPNP+LM,1,1,True,default,False,False,False,,1,0;1;3,0;1;3,nonplanar_multiface,0.6730204870430473,True,True,True,selected,accepted
60,0,10,False,2;3,2;3,+X;+Y,2,2,False,nonplanar_multiface,0.7461774413336356,1.0,RANSAC-EPNP+LM,1,1,True,default,False,False,False,,1,2;3,2;3,nonplanar_multiface,0.7461774413336356,True,True,True,selected,accepted
60,1,10,False,0;1;2;5,0;1;2;5,+X;+Z;-Y,3,3,False,nonplanar_multiface,1.24123963000851,1.0,RANSAC-EPNP+LM,1,1,True,default,False,False,False,,1,0;1;2;5,0;1;2;5,nonplanar_multiface,1.24123963000851,True,True,True,selected,accepted
60,2,10,True,0;1;2;3,0;1;2;3,+X;+Y;+Z,3,3,False,nonplanar_multiface,1.025507728217094,1.0,RANSAC-EPNP+LM,1,1,True,default,False,False,False,,1,0;1;2;3,0;1;2;3,nonplanar_multiface,1.025507728217094,True,True,True,selected,accepted
60,3,10,False,0;3;4,0;3;4,+Y;+Z;-X,3,3,False,nonplanar_multiface,0.8140799616598496,1.0,RANSAC-EPNP+LM,1,1,True,default,False,False,False,,1,0;3;4,0;3;4,nonplanar_multiface,0.8140799616598496,True,True,True,selected,accepted
61,2,10,True,0;1;3;4,0;1;3;4,+Y;+Z;-X,3,3,False,nonplanar_multiface,1.246158715242053,1.0,RANSAC-EPNP+LM,1,1,True,default,False,False,False,,1,0;1;3;4,0;1;3;4,nonplanar_multiface,1.246158715242053,True,True,True,selected,accepted
62,2,10,True,0;1;2;3,0;1;2;3,+X;+Y;+Z,3,3,False,nonplanar_multiface,1.6465931002555556,0.9375,RANSAC-EPNP+LM,1,1,True,default,False,False,False,,1,0;1;2;3,0;1;2;3,nonplanar_multiface,1.6465931002555556,True,True,True,selected,accepted
63,2,10,True,0;1;4,0;1;4,+Z;-X,2,2,False,nonplanar_multiface,1.9557477014643954,1.0,RANSAC-EPNP+LM,1,1,True,default,False,False,False,,1,0;1;4,0;1;4,nonplanar_multiface,1.9557477014643954,True,True,True,selected,accepted
64,2,10,True,1;3,1;3,+Y;+Z,2,2,False,nonplanar_multiface,0.720597721566559,1.0,RANSAC-EPNP+LM,1,1,True,default,False,False,False,,1,1;3,1;3,nonplanar_multiface,0.720597721566559,True,True,True,selected,accepted
65,2,10,True,0;1;3,0;1;3,+Y;+Z,2,2,False,nonplanar_multiface,0.7441602445741428,1.0,RANSAC-EPNP+LM,1,1,True,default,False,False,False,,1,0;1;3,0;1;3,nonplanar_multiface,0.7441602445741428,True,True,True,selected,accepted
66,0,11,False,1;3;4,1;3;4,+Y;+Z;-X,3,3,False,nonplanar_multiface,1.0577171151450435,1.0,RANSAC-EPNP+LM,1,1,True,default,False,False,False,,1,1;3;4,1;3;4,nonplanar_multiface,1.0577171151450435,True,True,True,selected,accepted
66,1,11,False,0;1;2;5,0;1;2;5,+X;+Z;-Y,3,3,False,nonplanar_multiface,1.2687286981696542,1.0,RANSAC-EPNP+LM,1,1,True,default,False,False,False,,1,0;1;2;5,0;1;2;5,nonplanar_multiface,1.2687286981696542,True,True,True,selected,accepted
66,2,11,True,0;1;3,0;1;3,+Y;+Z,2,2,False,nonplanar_multiface,0.6150847655071151,1.0,RANSAC-EPNP+LM,1,1,True,default,False,False,False,,1,0;1;3,0;1;3,nonplanar_multiface,0.6150847655071151,True,True,True,selected,accepted
66,3,11,False,4;5,4;5,-X;-Y,2,2,False,nonplanar_multiface,2.1284174257099497,0.875,RANSAC-EPNP+LM,1,1,True,default,False,False,False,,1,4;5,4;5,nonplanar_multiface,2.1284174257099497,True,True,True,selected,accepted
67,2,11,True,0;1;4,0;1;4,+Z;-X,2,2,False,nonplanar_multiface,0.8895233853463292,1.0,RANSAC-EPNP+LM,1,1,True,default,False,False,False,,1,0;1;4,0;1;4,nonplanar_multiface,0.8895233853463292,True,True,True,selected,accepted
68,2,11,True,0;1;4;5,0;1;4;5,+Z;-X;-Y,3,3,False,nonplanar_multiface,1.639172350424799,1.0,RANSAC-EPNP+LM,1,1,True,default,False,False,False,,1,0;1;4;5,0;1;4;5,nonplanar_multiface,1.639172350424799,True,True,True,selected,accepted
69,2,11,True,4,4,-X,1,0,True,single_marker,0.10428797826568643,1.0,IPPE,2,2,True,up2_unsharp_relaxed,True,True,False,3.0,5,4,4,single_marker,1.0397149479612406,True,False,False,noncore_single_marker,accepted
70,2,11,True,0;1;3;4,0;1;3;4,+Y;+Z;-X,3,3,False,nonplanar_multiface,1.412449853565145,1.0,RANSAC-EPNP+LM,1,1,True,default,False,False,False,,1,0;1;3;4,0;1;3;4,nonplanar_multiface,1.412449853565145,True,True,True,selected,accepted
71,2,11,True,1;3,1;3,+Y;+Z,2,2,False,nonplanar_multiface,1.102351480524542,1.0,RANSAC-EPNP+LM,1,1,True,default,False,False,False,,1,1;3,1;3,nonplanar_multiface,1.102351480524542,True,True,True,selected,accepted
72,0,12,False,0;1;4;5,0;1;4;5,+Z;-X;-Y,3,3,False,nonplanar_multiface,1.0528492224988122,1.0,RANSAC-EPNP+LM,1,1,True,default,False,False,False,,1,0;1;4;5,0;1;4;5,nonplanar_multiface,1.0528492224988122,True,True,True,selected,accepted
72,1,12,False,0;1;2;3,0;1;2;3,+X;+Y;+Z,3,3,False,nonplanar_multiface,0.9856346574659914,1.0,RANSAC-EPNP+LM,1,1,True,default,False,False,False,,1,0;1;2;3,0;1;2;3,nonplanar_multiface,0.9856346574659914,True,True,True,selected,accepted
72,2,12,True,0;1;4,0;1;4,+Z;-X,2,2,False,nonplanar_multiface,1.493400057818903,1.0,RANSAC-EPNP+LM,1,1,True,default,False,False,False,,1,0;1;4,0;1;4,nonplanar_multiface,1.493400057818903,True,True,True,selected,accepted
72,3,12,False,2;5,2;5,+X;-Y,2,2,False,nonplanar_multiface,0.9434986680464985,1.0,RANSAC-EPNP+LM,1,1,True,default,False,False,False,,1,2;5,2;5,nonplanar_multiface,0.9434986680464985,True,True,True,selected,accepted
73,2,12,True,0;1;5,0;1;5,+Z;-Y,2,2,False,nonplanar_multiface,1.2526197358584596,1.0,RANSAC-EPNP+LM,1,1,True,default,False,False,False,,1,0;1;5,0;1;5,nonplanar_multiface,1.2526197358584596,True,True,True,selected,accepted
74,2,12,True,0;1;2;3,0;1;2;3,+X;+Y;+Z,3,3,False,nonplanar_multiface,1.525173774574772,1.0,RANSAC-EPNP+LM,1,1,True,default,False,False,False,,1,0;1;2;3,0;1;2;3,nonplanar_multiface,1.525173774574772,True,True,True,selected,accepted
75,2,12,True,0;5,0;5,+Z;-Y,2,2,False,nonplanar_multiface,1.2012343403849126,1.0,RANSAC-EPNP+LM,1,1,True,default,False,False,False,,1,0;5,0;5,nonplanar_multiface,1.2012343403849126,True,True,True,selected,accepted
76,2,12,True,0;1;2;5,0;1;2;5,+X;+Z;-Y,3,3,False,nonplanar_multiface,1.2136526317998702,1.0,RANSAC-EPNP+LM,1,1,True,default,False,False,False,,1,0;1;2;5,0;1;2;5,nonplanar_multiface,1.2136526317998702,True,True,True,selected,accepted
77,2,12,True,0;1;4;5,0;1;4;5,+Z;-X;-Y,3,3,False,nonplanar_multiface,2.8470006070450022,0.9375,RANSAC-EPNP+LM,1,1,True,default,False,False,False,,1,0;1;4;5,0;1;4;5,nonplanar_multiface,2.8470006070450022,True,True,True,selected,accepted
