observation_id,target,event_id,camera_id,set_idx,capture_block,image_path,corner_count,marker_ids,observed_faces,quality_tier,pnp_rmse_px,pnp_inlier_fraction,detection_method,standard_selected,standard_disposition,standard_reason,strict_selected,strict_disposition,strict_reason
board:E0000:cam0,board,0,0,0,A_placement,cam0/rgb_00000.jpg,47,"[0,1,2,3,4,5,10,11,12,13,14,15,16,17,18,20,21,22,23,24,25,26,27,28,29,30,31,36,37,38,39,40,41,46,47,48,49,50,51,52,53,54,55,56,57,58,59]",[],,,,,True,selected,selected,True,selected,selected
cube:E0000:cam0,cube,0,0,0,A_placement,cam0/rgb_00000.jpg,16,"[0,1,2,5]","[""+X"",""+Z"",""-Y""]",nonplanar_multiface,2.030555175341439,0.9375,default,True,selected,selected,False,quarantine,pnp_rmse_above_2px
board:E0000:cam1,board,0,1,0,A_placement,cam1/rgb_00000.jpg,28,"[0,10,15,16,20,21,22,23,24,25,26,27,30,31,32,33,34,35,40,41,42,43,44,50,51,52,53,54]",[],,,,,True,selected,selected,True,selected,selected
cube:E0000:cam1,cube,0,1,0,A_placement,cam1/rgb_00000.jpg,12,"[0,3,4]","[""+Y"",""+Z"",""-X""]",nonplanar_multiface,1.110488318059616,1.0,default,True,selected,selected,True,selected,selected
board:E0000:cam2,board,0,2,0,A_placement,cam2/rgb_00000.jpg,56,"[0,1,2,5,6,7,8,9,10,11,12,15,16,17,18,19,20,21,22,23,24,25,26,27,28,29,30,31,32,33,34,35,36,37,38,39,40,41,42,43,44,45,46,47,48,49,50,51,52,53,54,55,56,57,58,59]",[],,,,,True,selected,selected,True,selected,selected
cube:E0000:cam2,cube,0,2,0,A_placement,cam2/rgb_00000.jpg,12,"[0,1,2]","[""+X"",""+Z""]",nonplanar_multiface,2.396561436503537,0.9166666666666666,default,True,selected,selected,False,quarantine,pnp_rmse_above_2px
board:E0000:cam3,board,0,3,0,A_placement,cam3/rgb_00000.jpg,19,"[5,6,7,8,9,16,17,18,19,26,29,35,36,39,45,46,49,56,59]",[],,,,,True,selected,selected,True,selected,selected
cube:E0000:cam3,cube,0,3,0,A_placement,cam3/rgb_00000.jpg,8,"[2,3]","[""+X"",""+Y""]",nonplanar_multiface,0.6468894535034133,1.0,default,True,selected,selected,True,selected,selected
board:E0001:cam2,board,1,2,0,A_placement,cam2/rgb_00001.jpg,60,"[0,1,2,3,4,5,6,7,8,9,10,11,12,13,14,15,16,17,18,19,20,21,22,23,24,25,26,27,28,29,30,31,32,33,34,35,36,37,38,39,40,41,42,43,44,45,46,47,48,49,50,51,52,53,54,55,56,57,58,59]",[],,,,,True,selected,selected,True,selected,selected
board:E0002:cam2,board,2,2,0,A_placement,cam2/rgb_00002.jpg,60,"[0,1,2,3,4,5,6,7,8,9,10,11,12,13,14,15,16,17,18,19,20,21,22,23,24,25,26,27,28,29,30,31,32,33,34,35,36,37,38,39,40,41,42,43,44,45,46,47,48,49,50,51,52,53,54,55,56,57,58,59]",[],,,,,True,selected,selected,True,selected,selected
cube:E0002:cam2,cube,2,2,0,A_placement,cam2/rgb_00002.jpg,8,"[1,3]","[""+Y"",""+Z""]",nonplanar_multiface,1.1260802178126355,1.0,default,True,selected,selected,True,selected,selected
board:E0003:cam2,board,3,2,0,A_placement,cam2/rgb_00003.jpg,60,"[0,1,2,3,4,5,6,7,8,9,10,11,12,13,14,15,16,17,18,19,20,21,22,23,24,25,26,27,28,29,30,31,32,33,34,35,36,37,38,39,40,41,42,43,44,45,46,47,48,49,50,51,52,53,54,55,56,57,58,59]",[],,,,,True,selected,selected,True,selected,selected
board:E0004:cam2,board,4,2,0,A_placement,cam2/rgb_00004.jpg,30,"[0,1,2,3,4,5,6,7,8,9,10,11,12,13,14,15,16,17,18,19,20,21,22,23,24,25,26,27,28,29]",[],,,,,True,selected,selected,True,selected,selected
board:E0005:cam2,board,5,2,0,A_placement,cam2/rgb_00005.jpg,60,"[0,1,2,3,4,5,6,7,8,9,10,11,12,13,14,15,16,17,18,19,20,21,22,23,24,25,26,27,28,29,30,31,32,33,34,35,36,37,38,39,40,41,42,43,44,45,46,47,48,49,50,51,52,53,54,55,56,57,58,59]",[],,,,,True,selected,selected,True,selected,selected
board:E0006:cam0,board,6,0,1,A_placement,cam0/rgb_00006.jpg,47,"[0,1,4,5,12,13,14,15,16,17,18,22,23,24,25,26,27,28,29,30,31,32,33,34,35,36,37,38,39,40,41,42,43,44,45,46,47,48,49,50,51,54,55,56,57,58,59]",[],,,,,True,selected,selected,True,selected,selected
cube:E0006:cam0,cube,6,0,1,A_placement,cam0/rgb_00006.jpg,12,"[0,1,5]","[""+Z"",""-Y""]",nonplanar_multiface,0.8924885371794051,1.0,default,True,selected,selected,True,selected,selected
board:E0006:cam1,board,6,1,1,A_placement,cam1/rgb_00006.jpg,21,"[0,1,2,10,11,12,15,16,20,21,22,23,24,27,32,33,34,42,50,51,52]",[],,,,,True,selected,selected,True,selected,selected
cube:E0006:cam1,cube,6,1,1,A_placement,cam1/rgb_00006.jpg,12,"[1,3,4]","[""+Y"",""+Z"",""-X""]",nonplanar_multiface,0.9279410586010838,1.0,default,True,selected,selected,True,selected,selected
board:E0006:cam2,board,6,2,1,A_placement,cam2/rgb_00006.jpg,46,"[0,1,2,3,4,5,6,10,11,12,13,14,15,16,20,21,22,23,24,25,26,27,30,31,32,33,34,35,36,37,40,41,42,43,44,45,46,47,50,51,52,53,54,55,56,57]",[],,,,,True,selected,selected,True,selected,selected
cube:E0006:cam2,cube,6,2,1,A_placement,cam2/rgb_00006.jpg,12,"[0,1,5]","[""+Z"",""-Y""]",nonplanar_multiface,0.8841342048856032,1.0,default,True,selected,selected,True,selected,selected
board:E0006:cam3,board,6,3,1,A_placement,cam3/rgb_00006.jpg,31,"[3,4,5,6,7,8,9,13,16,17,18,19,22,23,26,27,28,29,31,34,35,36,37,38,39,44,45,46,49,56,59]",[],,,,,True,selected,selected,True,selected,selected
cube:E0006:cam3,cube,6,3,1,A_placement,cam3/rgb_00006.jpg,8,"[2,3]","[""+X"",""+Y""]",nonplanar_multiface,1.6460242550931905,0.875,default,True,selected,selected,False,quarantine,inlier_fraction_below_0.9
board:E0007:cam2,board,7,2,1,A_placement,cam2/rgb_00007.jpg,60,"[0,1,2,3,4,5,6,7,8,9,10,11,12,13,14,15,16,17,18,19,20,21,22,23,24,25,26,27,28,29,30,31,32,33,34,35,36,37,38,39,40,41,42,43,44,45,46,47,48,49,50,51,52,53,54,55,56,57,58,59]",[],,,,,True,selected,selected,True,selected,selected
board:E0008:cam2,board,8,2,1,A_placement,cam2/rgb_00008.jpg,54,"[0,1,2,3,4,5,6,9,10,11,12,13,14,15,16,19,20,21,22,23,24,25,26,27,28,29,30,31,32,33,34,35,36,37,38,39,40,41,42,43,44,45,46,47,48,50,51,52,53,54,55,56,57,58]",[],,,,,True,selected,selected,True,selected,selected
cube:E0008:cam2,cube,8,2,1,A_placement,cam2/rgb_00008.jpg,16,"[0,1,3,4]","[""+Y"",""+Z"",""-X""]",nonplanar_multiface,2.3662606289353056,0.9375,default,True,selected,selected,False,quarantine,pnp_rmse_above_2px
board:E0009:cam2,board,9,2,1,A_placement,cam2/rgb_00009.jpg,40,"[0,1,2,3,4,5,6,7,8,9,10,11,12,13,14,15,16,17,18,19,20,21,22,23,24,25,26,27,28,29,30,31,32,33,34,35,36,37,38,39]",[],,,,,True,selected,selected,True,selected,selected
cube:E0009:cam2,cube,9,2,1,A_placement,cam2/rgb_00009.jpg,8,"[1,3]","[""+Y"",""+Z""]",nonplanar_multiface,0.6697602664039123,1.0,up2_unsharp_relaxed,True,recovered,selected,True,recovered,selected
board:E0010:cam2,board,10,2,1,A_placement,cam2/rgb_00010.jpg,60,"[0,1,2,3,4,5,6,7,8,9,10,11,12,13,14,15,16,17,18,19,20,21,22,23,24,25,26,27,28,29,30,31,32,33,34,35,36,37,38,39,40,41,42,43,44,45,46,47,48,49,50,51,52,53,54,55,56,57,58,59]",[],,,,,True,selected,selected,True,selected,selected
board:E0011:cam2,board,11,2,1,A_placement,cam2/rgb_00011.jpg,60,"[0,1,2,3,4,5,6,7,8,9,10,11,12,13,14,15,16,17,18,19,20,21,22,23,24,25,26,27,28,29,30,31,32,33,34,35,36,37,38,39,40,41,42,43,44,45,46,47,48,49,50,51,52,53,54,55,56,57,58,59]",[],,,,,True,selected,selected,True,selected,selected
board:E0012:cam0,board,12,0,2,A_placement,cam0/rgb_00012.jpg,51,"[4,5,10,11,12,13,14,15,16,17,18,20,21,22,23,24,25,26,27,28,29,30,31,32,33,34,35,36,37,38,39,40,41,42,43,44,45,46,47,48,49,50,51,52,53,54,55,56,57,58,59]",[],,,,,True,selected,selected,True,selected,selected
cube:E0012:cam0,cube,12,0,2,A_placement,cam0/rgb_00012.jpg,12,"[0,1,2]","[""+X"",""+Z""]",nonplanar_multiface,0.8166036341762404,1.0,default,True,selected,selected,True,selected,selected
board:E0012:cam1,board,12,1,2,A_placement,cam1/rgb_00012.jpg,20,"[0,1,2,10,11,12,15,20,21,22,23,24,25,30,31,34,35,40,41,52]",[],,,,,True,selected,selected,True,selected,selected
cube:E0012:cam1,cube,12,1,2,A_placement,cam1/rgb_00012.jpg,8,"[4,5]","[""-X"",""-Y""]",nonplanar_multiface,0.7996282149260923,1.0,default,True,selected,selected,True,selected,selected
board:E0012:cam2,board,12,2,2,A_placement,cam2/rgb_00012.jpg,56,"[0,1,2,3,4,5,6,9,10,11,12,13,14,15,16,19,20,21,22,23,24,25,26,27,28,29,30,31,32,33,34,35,36,37,38,39,40,41,42,43,44,45,46,47,48,49,50,51,52,53,54,55,56,57,58,59]",[],,,,,True,selected,selected,True,selected,selected
cube:E0012:cam2,cube,12,2,2,A_placement,cam2/rgb_00012.jpg,16,"[0,1,2,5]","[""+X"",""+Z"",""-Y""]",nonplanar_multiface,1.483459883328119,1.0,default,True,selected,selected,True,selected,selected
board:E0012:cam3,board,12,3,2,A_placement,cam3/rgb_00012.jpg,22,"[3,4,5,8,9,16,17,18,19,26,29,34,35,36,39,41,45,46,49,52,56,59]",[],,,,,True,selected,selected,True,selected,selected
cube:E0012:cam3,cube,12,3,2,A_placement,cam3/rgb_00012.jpg,8,"[3,4]","[""+Y"",""-X""]",nonplanar_multiface,0.9601411861223721,1.0,default,True,selected,selected,True,selected,selected
board:E0013:cam2,board,13,2,2,A_placement,cam2/rgb_00013.jpg,56,"[0,1,2,3,4,5,6,7,8,9,10,11,12,13,14,15,18,19,20,21,22,23,24,25,28,29,30,31,32,33,34,35,36,37,38,39,40,41,42,43,44,45,46,47,48,49,50,51,52,53,54,55,56,57,58,59]",[],,,,,True,selected,selected,True,selected,selected
cube:E0013:cam2,cube,13,2,2,A_placement,cam2/rgb_00013.jpg,12,"[1,4,5]","[""+Z"",""-X"",""-Y""]",nonplanar_multiface,1.6969963003311561,1.0,default,True,selected,selected,True,selected,selected
board:E0014:cam2,board,14,2,2,A_placement,cam2/rgb_00014.jpg,60,"[0,1,2,3,4,5,6,7,8,9,10,11,12,13,14,15,16,17,18,19,20,21,22,23,24,25,26,27,28,29,30,31,32,33,34,35,36,37,38,39,40,41,42,43,44,45,46,47,48,49,50,51,52,53,54,55,56,57,58,59]",[],,,,,True,selected,selected,True,selected,selected
board:E0015:cam2,board,15,2,2,A_placement,cam2/rgb_00015.jpg,60,"[0,1,2,3,4,5,6,7,8,9,10,11,12,13,14,15,16,17,18,19,20,21,22,23,24,25,26,27,28,29,30,31,32,33,34,35,36,37,38,39,40,41,42,43,44,45,46,47,48,49,50,51,52,53,54,55,56,57,58,59]",[],,,,,True,selected,selected,True,selected,selected
board:E0016:cam2,board,16,2,2,A_placement,cam2/rgb_00016.jpg,33,"[26,27,28,29,31,32,33,34,35,36,37,38,39,40,41,42,43,44,45,46,47,48,49,50,51,52,53,54,55,56,57,58,59]",[],,,,,True,selected,selected,True,selected,selected
cube:E0016:cam2,cube,16,2,2,A_placement,cam2/rgb_00016.jpg,12,"[0,4,5]","[""+Z"",""-X"",""-Y""]",nonplanar_multiface,1.2998477363233065,1.0,default,True,selected,selected,True,selected,selected
board:E0017:cam2,board,17,2,2,A_placement,cam2/rgb_00017.jpg,56,"[0,1,2,3,4,5,6,7,8,9,10,11,12,13,14,15,16,17,18,19,20,21,22,23,24,25,26,27,28,29,30,31,32,33,34,35,36,37,38,39,40,41,42,43,44,47,48,49,50,51,52,53,54,57,58,59]",[],,,,,True,selected,selected,True,selected,selected
board:E0018:cam0,board,18,0,3,A_placement,cam0/rgb_00018.jpg,48,"[0,3,4,5,6,7,10,13,14,15,16,17,18,19,20,21,22,23,24,25,26,27,28,29,32,33,34,35,36,37,38,39,42,43,44,45,46,47,48,49,52,53,54,55,56,57,58,59]",[],,,,,True,selected,selected,True,selected,selected
cube:E0018:cam0,cube,18,0,3,A_placement,cam0/rgb_00018.jpg,16,"[0,1,4,5]","[""+Z"",""-X"",""-Y""]",nonplanar_multiface,1.3464348059171247,0.9375,default,True,selected,selected,True,selected,selected
board:E0018:cam1,board,18,1,3,A_placement,cam1/rgb_00018.jpg,23,"[0,1,2,10,11,12,15,20,21,22,23,24,30,31,32,33,34,40,41,42,50,51,52]",[],,,,,True,selected,selected,True,selected,selected
cube:E0018:cam1,cube,18,1,3,A_placement,cam1/rgb_00018.jpg,8,"[3,4]","[""+Y"",""-X""]",nonplanar_multiface,0.49553882873392774,1.0,default,True,selected,selected,True,selected,selected
board:E0018:cam2,board,18,2,3,A_placement,cam2/rgb_00018.jpg,58,"[0,1,2,3,4,5,6,7,10,11,12,13,14,15,16,17,18,19,20,21,22,23,24,25,26,27,28,29,30,31,32,33,34,35,36,37,38,39,40,41,42,43,44,45,46,47,48,49,50,51,52,53,54,55,56,57,58,59]",[],,,,,True,selected,selected,True,selected,selected
cube:E0018:cam2,cube,18,2,3,A_placement,cam2/rgb_00018.jpg,16,"[0,1,4,5]","[""+Z"",""-X"",""-Y""]",nonplanar_multiface,1.6631876841301063,1.0,default,True,selected,selected,True,selected,selected
board:E0018:cam3,board,18,3,3,A_placement,cam3/rgb_00018.jpg,22,"[5,6,7,8,9,16,17,22,23,26,27,34,35,36,37,38,39,45,46,49,56,59]",[],,,,,True,selected,selected,True,selected,selected
cube:E0018:cam3,cube,18,3,3,A_placement,cam3/rgb_00018.jpg,8,"[2,3]","[""+X"",""+Y""]",nonplanar_multiface,1.5800119382748248,0.875,default,True,selected,selected,False,quarantine,inlier_fraction_below_0.9
board:E0019:cam2,board,19,2,3,A_placement,cam2/rgb_00019.jpg,60,"[0,1,2,3,4,5,6,7,8,9,10,11,12,13,14,15,16,17,18,19,20,21,22,23,24,25,26,27,28,29,30,31,32,33,34,35,36,37,38,39,40,41,42,43,44,45,46,47,48,49,50,51,52,53,54,55,56,57,58,59]",[],,,,,True,selected,selected,True,selected,selected
board:E0020:cam2,board,20,2,3,A_placement,cam2/rgb_00020.jpg,60,"[0,1,2,3,4,5,6,7,8,9,10,11,12,13,14,15,16,17,18,19,20,21,22,23,24,25,26,27,28,29,30,31,32,33,34,35,36,37,38,39,40,41,42,43,44,45,46,47,48,49,50,51,52,53,54,55,56,57,58,59]",[],,,,,True,selected,selected,True,selected,selected
board:E0021:cam2,board,21,2,3,A_placement,cam2/rgb_00021.jpg,60,"[0,1,2,3,4,5,6,7,8,9,10,11,12,13,14,15,16,17,18,19,20,21,22,23,24,25,26,27,28,29,30,31,32,33,34,35,36,37,38,39,40,41,42,43,44,45,46,47,48,49,50,51,52,53,54,55,56,57,58,59]",[],,,,,True,selected,selected,True,selected,selected
board:E0022:cam2,board,22,2,3,A_placement,cam2/rgb_00022.jpg,17,"[0,44,45,46,47,48,49,50,51,52,53,54,55,56,57,58,59]",[],,,,,True,selected,selected,True,selected,selected
cube:E0022:cam2,cube,22,2,3,A_placement,cam2/rgb_00022.jpg,8,"[1,3]","[""+Y"",""+Z""]",nonplanar_multiface,0.8304217684160292,1.0,default,True,selected,selected,True,selected,selected
board:E0023:cam2,board,23,2,3,A_placement,cam2/rgb_00023.jpg,60,"[0,1,2,3,4,5,6,7,8,9,10,11,12,13,14,15,16,17,18,19,20,21,22,23,24,25,26,27,28,29,30,31,32,33,34,35,36,37,38,39,40,41,42,43,44,45,46,47,48,49,50,51,52,53,54,55,56,57,58,59]",[],,,,,True,selected,selected,True,selected,selected
board:E0024:cam0,board,24,0,4,A_placement,cam0/rgb_00024.jpg,42,"[5,6,7,15,16,17,18,19,22,23,24,25,26,27,28,29,32,33,34,35,36,37,38,39,42,43,44,45,46,47,48,49,50,51,52,53,54,55,56,57,58,59]",[],,,,,True,selected,selected,True,selected,selected
cube:E0024:cam0,cube,24,0,4,A_placement,cam0/rgb_00024.jpg,16,"[0,1,3,4]","[""+Y"",""+Z"",""-X""]",nonplanar_multiface,0.9539561664461841,1.0,default,True,selected,selected,True,selected,selected
board:E0024:cam1,board,24,1,4,A_placement,cam1/rgb_00024.jpg,23,"[0,1,2,10,11,12,15,20,21,22,23,24,30,31,32,33,34,40,41,42,50,51,52]",[],,,,,True,selected,selected,True,selected,selected
cube:E0024:cam1,cube,24,1,4,A_placement,cam1/rgb_00024.jpg,8,"[2,3]","[""+X"",""+Y""]",nonplanar_multiface,0.7535819018911403,1.0,default,True,selected,selected,True,selected,selected
board:E0024:cam2,board,24,2,4,A_placement,cam2/rgb_00024.jpg,50,"[0,1,2,5,6,7,8,9,10,11,12,15,16,17,18,19,20,21,22,23,24,25,26,27,28,30,31,32,33,34,35,36,37,38,40,41,42,43,44,45,46,49,50,51,52,53,54,55,56,59]",[],,,,,True,selected,selected,True,selected,selected
cube:E0024:cam2,cube,24,2,4,A_placement,cam2/rgb_00024.jpg,16,"[0,1,3,4]","[""+Y"",""+Z"",""-X""]",nonplanar_multiface,0.9348145858503911,1.0,default,True,selected,selected,True,selected,selected
board:E0024:cam3,board,24,3,4,A_placement,cam3/rgb_00024.jpg,16,"[5,6,9,16,19,22,23,26,29,36,39,46,47,48,56,57]",[],,,,,True,selected,selected,True,selected,selected
cube:E0024:cam3,cube,24,3,4,A_placement,cam3/rgb_00024.jpg,12,"[0,2,5]","[""+X"",""+Z"",""-Y""]",nonplanar_multiface,1.9600238969093897,0.9166666666666666,default,True,selected,selected,True,selected,selected
board:E0025:cam2,board,25,2,4,A_placement,cam2/rgb_00025.jpg,54,"[0,1,2,3,4,5,6,9,10,11,12,13,14,15,16,19,20,21,22,23,24,25,26,27,28,30,31,32,33,34,35,36,37,38,40,41,42,43,44,45,46,47,48,49,50,51,52,53,54,55,56,57,58,59]",[],,,,,True,selected,selected,True,selected,selected
cube:E0025:cam2,cube,25,2,4,A_placement,cam2/rgb_00025.jpg,8,"[2,3]","[""+X"",""+Y""]",nonplanar_multiface,0.7251502887485971,1.0,native_relaxed_subpixel,True,recovered,selected,True,recovered,selected
board:E0026:cam2,board,26,2,4,A_placement,cam2/rgb_00026.jpg,55,"[4,5,6,7,8,9,11,12,13,14,15,16,17,18,19,20,21,22,23,24,25,26,27,28,29,30,31,32,33,34,35,36,37,38,39,40,41,42,43,44,45,46,47,48,49,50,51,52,53,54,55,56,57,58,59]",[],,,,,True,selected,selected,True,selected,selected
cube:E0026:cam2,cube,26,2,4,A_placement,cam2/rgb_00026.jpg,12,"[0,1,4]","[""+Z"",""-X""]",nonplanar_multiface,1.3711958348397046,1.0,default,True,selected,selected,True,selected,selected
board:E0027:cam2,board,27,2,4,A_placement,cam2/rgb_00027.jpg,60,"[0,1,2,3,4,5,6,7,8,9,10,11,12,13,14,15,16,17,18,19,20,21,22,23,24,25,26,27,28,29,30,31,32,33,34,35,36,37,38,39,40,41,42,43,44,45,46,47,48,49,50,51,52,53,54,55,56,57,58,59]",[],,,,,True,selected,selected,True,selected,selected
cube:E0027:cam2,cube,27,2,4,A_placement,cam2/rgb_00027.jpg,16,"[0,1,2,3]","[""+X"",""+Y"",""+Z""]",nonplanar_multiface,2.447340486352568,0.9375,default,True,selected,selected,False,quarantine,pnp_rmse_above_2px
board:E0028:cam2,board,28,2,4,A_placement,cam2/rgb_00028.jpg,54,"[0,1,2,3,4,5,6,7,10,11,12,13,14,15,18,19,20,21,22,23,24,25,28,29,30,31,32,33,34,35,36,37,38,39,40,41,42,43,44,45,46,47,48,49,50,51,52,53,54,55,56,57,58,59]",[],,,,,True,selected,selected,True,selected,selected
board:E0029:cam2,board,29,2,4,A_placement,cam2/rgb_00029.jpg,48,"[0,1,2,3,6,10,11,12,13,14,15,19,20,21,22,23,24,25,28,29,30,31,32,33,34,35,36,37,38,39,40,41,42,43,44,45,46,47,48,49,50,51,54,55,56,57,58,59]",[],,,,,True,selected,selected,True,selected,selected
cube:E0029:cam2,cube,29,2,4,A_placement,cam2/rgb_00029.jpg,8,"[3,4]","[""+Y"",""-X""]",nonplanar_multiface,0.9001030450855352,1.0,default,True,selected,selected,True,selected,selected
board:E0030:cam0,board,30,0,5,A_placement,cam0/rgb_00030.jpg,50,"[0,1,6,7,12,13,14,15,16,17,18,19,22,23,24,25,26,27,28,29,30,31,32,33,34,35,36,37,38,39,40,41,42,43,44,45,46,47,48,49,50,51,52,53,54,55,56,57,58,59]",[],,,,,True,selected,selected,True,selected,selected
cube:E0030:cam0,cube,30,0,5,A_placement,cam0/rgb_00030.jpg,12,"[1,2,3]","[""+X"",""+Y"",""+Z""]",nonplanar_multiface,1.1317733156194205,1.0,default,True,selected,selected,True,selected,selected
board:E0030:cam1,board,30,1,5,A_placement,cam1/rgb_00030.jpg,25,"[0,1,2,3,10,11,12,13,14,15,16,20,21,22,23,24,25,26,27,32,33,42,50,51,52]",[],,,,,True,selected,selected,True,selected,selected
cube:E0030:cam1,cube,30,1,5,A_placement,cam1/rgb_00030.jpg,8,"[2,5]","[""+X"",""-Y""]",nonplanar_multiface,1.0400072065933086,1.0,default,True,selected,selected,True,selected,selected
board:E0030:cam2,board,30,2,5,A_placement,cam2/rgb_00030.jpg,52,"[0,1,2,3,4,5,6,7,8,9,10,11,12,13,14,15,16,17,18,19,20,21,22,23,24,25,26,27,28,30,31,32,33,34,35,36,37,38,40,41,42,43,44,45,46,49,50,51,54,55,56,59]",[],,,,,True,selected,selected,True,selected,selected
cube:E0030:cam2,cube,30,2,5,A_placement,cam2/rgb_00030.jpg,8,"[2,3]","[""+X"",""+Y""]",nonplanar_multiface,0.8803747155532539,1.0,default,True,selected,selected,True,selected,selected
cube:E0030:cam3,cube,30,3,5,A_placement,cam3/rgb_00030.jpg,16,"[0,1,4,5]","[""+Z"",""-X"",""-Y""]",nonplanar_multiface,1.4140138085963518,0.9375,default,True,selected,selected,True,selected,selected
board:E0031:cam2,board,31,2,5,A_placement,cam2/rgb_00031.jpg,54,"[0,1,2,3,4,5,6,10,11,12,13,14,15,16,20,21,22,23,24,25,26,27,28,29,30,31,32,33,34,35,36,37,38,39,40,41,42,43,44,45,46,47,48,49,50,51,52,53,54,55,56,57,58,59]",[],,,,,True,selected,selected,True,selected,selected
cube:E0031:cam2,cube,31,2,5,A_placement,cam2/rgb_00031.jpg,8,"[2,5]","[""+X"",""-Y""]",nonplanar_multiface,1.0825645261013204,1.0,default,True,selected,selected,True,selected,selected
board:E0032:cam2,board,32,2,5,A_placement,cam2/rgb_00032.jpg,60,"[0,1,2,3,4,5,6,7,8,9,10,11,12,13,14,15,16,17,18,19,20,21,22,23,24,25,26,27,28,29,30,31,32,33,34,35,36,37,38,39,40,41,42,43,44,45,46,47,48,49,50,51,52,53,54,55,56,57,58,59]",[],,,,,True,selected,selected,True,selected,selected
cube:E0032:cam2,cube,32,2,5,A_placement,cam2/rgb_00032.jpg,12,"[0,1,3]","[""+Y"",""+Z""]",nonplanar_multiface,1.663823324821234,1.0,default,True,selected,selected,True,selected,selected
board:E0033:cam2,board,33,2,5,A_placement,cam2/rgb_00033.jpg,56,"[0,1,2,5,6,7,8,9,10,11,12,15,16,17,18,19,20,21,22,23,24,25,26,27,28,29,30,31,32,33,34,35,36,37,38,39,40,41,42,43,44,45,46,47,48,49,50,51,52,53,54,55,56,57,58,59]",[],,,,,True,selected,selected,True,selected,selected
cube:E0033:cam2,cube,33,2,5,A_placement,cam2/rgb_00033.jpg,16,"[0,1,2,5]","[""+X"",""+Z"",""-Y""]",nonplanar_multiface,1.1508473667862722,1.0,default,True,selected,selected,True,selected,selected
board:E0034:cam2,board,34,2,5,A_placement,cam2/rgb_00034.jpg,60,"[0,1,2,3,4,5,6,7,8,9,10,11,12,13,14,15,16,17,18,19,20,21,22,23,24,25,26,27,28,29,30,31,32,33,34,35,36,37,38,39,40,41,42,43,44,45,46,47,48,49,50,51,52,53,54,55,56,57,58,59]",[],,,,,True,selected,selected,True,selected,selected
board:E0035:cam2,board,35,2,5,A_placement,cam2/rgb_00035.jpg,58,"[0,1,4,5,6,7,8,9,10,11,12,13,14,15,16,17,18,19,20,21,22,23,24,25,26,27,28,29,30,31,32,33,34,35,36,37,38,39,40,41,42,43,44,45,46,47,48,49,50,51,52,53,54,55,56,57,58,59]",[],,,,,True,selected,selected,True,selected,selected
cube:E0035:cam2,cube,35,2,5,A_placement,cam2/rgb_00035.jpg,12,"[0,1,3]","[""+Y"",""+Z""]",nonplanar_multiface,0.9727008933333217,1.0,default,True,selected,selected,True,selected,selected
board:E0036:cam0,board,36,0,6,A_placement,cam0/rgb_00036.jpg,37,"[5,8,9,12,15,16,17,18,19,22,23,24,25,26,27,28,29,32,33,34,35,36,37,38,39,42,43,44,47,48,49,52,53,54,57,58,59]",[],,,,,True,selected,selected,True,selected,selected
cube:E0036:cam0,cube,36,0,6,A_placement,cam0/rgb_00036.jpg,8,"[4,5]","[""-X"",""-Y""]",nonplanar_multiface,1.4252881269746827,1.0,default,True,selected,selected,True,selected,selected
board:E0036:cam1,board,36,1,6,A_placement,cam1/rgb_00036.jpg,24,"[0,3,10,13,14,15,16,20,21,22,23,24,25,26,27,30,31,32,33,40,41,42,52,55]",[],,,,,True,selected,selected,True,selected,selected
cube:E0036:cam1,cube,36,1,6,A_placement,cam1/rgb_00036.jpg,12,"[1,3,4]","[""+Y"",""+Z"",""-X""]",nonplanar_multiface,1.074350633319375,1.0,default,True,selected,selected,True,selected,selected
board:E0036:cam2,board,36,2,6,A_placement,cam2/rgb_00036.jpg,60,"[0,1,2,3,4,5,6,7,8,9,10,11,12,13,14,15,16,17,18,19,20,21,22,23,24,25,26,27,28,29,30,31,32,33,34,35,36,37,38,39,40,41,42,43,44,45,46,47,48,49,50,51,52,53,54,55,56,57,58,59]",[],,,,,True,selected,selected,True,selected,selected
cube:E0036:cam2,cube,36,2,6,A_placement,cam2/rgb_00036.jpg,12,"[0,1,4]","[""+Z"",""-X""]",nonplanar_multiface,0.8921798308906206,1.0,default,True,selected,selected,True,selected,selected
cube:E0036:cam3,cube,36,3,6,A_placement,cam3/rgb_00036.jpg,16,"[0,1,2,5]","[""+X"",""+Z"",""-Y""]",nonplanar_multiface,1.0240537455861747,1.0,default,True,selected,selected,True,selected,selected
board:E0037:cam2,board,37,2,6,A_placement,cam2/rgb_00037.jpg,60,"[0,1,2,3,4,5,6,7,8,9,10,11,12,13,14,15,16,17,18,19,20,21,22,23,24,25,26,27,28,29,30,31,32,33,34,35,36,37,38,39,40,41,42,43,44,45,46,47,48,49,50,51,52,53,54,55,56,57,58,59]",[],,,,,True,selected,selected,True,selected,selected
cube:E0037:cam2,cube,37,2,6,A_placement,cam2/rgb_00037.jpg,16,"[0,1,3,4]","[""+Y"",""+Z"",""-X""]",nonplanar_multiface,0.8744894449618358,1.0,default,True,selected,selected,True,selected,selected
board:E0038:cam2,board,38,2,6,A_placement,cam2/rgb_00038.jpg,60,"[0,1,2,3,4,5,6,7,8,9,10,11,12,13,14,15,16,17,18,19,20,21,22,23,24,25,26,27,28,29,30,31,32,33,34,35,36,37,38,39,40,41,42,43,44,45,46,47,48,49,50,51,52,53,54,55,56,57,58,59]",[],,,,,True,selected,selected,True,selected,selected
cube:E0038:cam2,cube,38,2,6,A_placement,cam2/rgb_00038.jpg,16,"[0,1,4,5]","[""+Z"",""-X"",""-Y""]",nonplanar_multiface,2.2642974260986173,0.9375,default,True,selected,selected,False,quarantine,pnp_rmse_above_2px
board:E0039:cam2,board,39,2,6,A_placement,cam2/rgb_00039.jpg,60,"[0,1,2,3,4,5,6,7,8,9,10,11,12,13,14,15,16,17,18,19,20,21,22,23,24,25,26,27,28,29,30,31,32,33,34,35,36,37,38,39,40,41,42,43,44,45,46,47,48,49,50,51,52,53,54,55,56,57,58,59]",[],,,,,True,selected,selected,True,selected,selected
cube:E0039:cam2,cube,39,2,6,A_placement,cam2/rgb_00039.jpg,12,"[1,3,4]","[""+Y"",""+Z"",""-X""]",nonplanar_multiface,0.8228980567383534,1.0,default,True,selected,selected,True,selected,selected
board:E0040:cam2,board,40,2,6,A_placement,cam2/rgb_00040.jpg,38,"[22,23,24,25,26,27,28,29,30,31,32,33,34,35,36,37,38,39,40,41,42,43,44,45,46,47,48,49,50,51,52,53,54,55,56,57,58,59]",[],,,,,True,selected,selected,True,selected,selected
board:E0041:cam2,board,41,2,6,A_placement,cam2/rgb_00041.jpg,60,"[0,1,2,3,4,5,6,7,8,9,10,11,12,13,14,15,16,17,18,19,20,21,22,23,24,25,26,27,28,29,30,31,32,33,34,35,36,37,38,39,40,41,42,43,44,45,46,47,48,49,50,51,52,53,54,55,56,57,58,59]",[],,,,,True,selected,selected,True,selected,selected
cube:E0041:cam2,cube,41,2,6,A_placement,cam2/rgb_00041.jpg,16,"[0,1,4,5]","[""+Z"",""-X"",""-Y""]",nonplanar_multiface,1.1666049390331938,1.0,default,True,selected,selected,True,selected,selected
board:E0042:cam0,board,42,0,7,A_placement,cam0/rgb_00042.jpg,41,"[0,10,15,16,17,18,19,20,21,22,23,24,25,26,27,28,29,30,31,32,33,34,35,36,37,38,39,40,41,42,43,44,47,48,49,52,53,54,57,58,59]",[],,,,,True,selected,selected,True,selected,selected
cube:E0042:cam0,cube,42,0,7,A_placement,cam0/rgb_00042.jpg,8,"[3,4]","[""+Y"",""-X""]",nonplanar_multiface,0.6779540767458299,1.0,default,True,selected,selected,True,selected,selected
board:E0042:cam1,board,42,1,7,A_placement,cam1/rgb_00042.jpg,19,"[0,1,2,3,10,11,12,13,20,21,22,23,27,32,33,37,42,50,51]",[],,,,,True,selected,selected,True,selected,selected
cube:E0042:cam1,cube,42,1,7,A_placement,cam1/rgb_00042.jpg,8,"[2,3]","[""+X"",""+Y""]",nonplanar_multiface,0.6319504480564399,1.0,default,True,selected,selected,True,selected,selected
board:E0042:cam2,board,42,2,7,A_placement,cam2/rgb_00042.jpg,58,"[0,1,2,3,4,5,8,9,10,11,12,13,14,15,16,17,18,19,20,21,22,23,24,25,26,27,28,29,30,31,32,33,34,35,36,37,38,39,40,41,42,43,44,45,46,47,48,49,50,51,52,53,54,55,56,57,58,59]",[],,,,,True,selected,selected,True,selected,selected
cube:E0042:cam2,cube,42,2,7,A_placement,cam2/rgb_00042.jpg,8,"[1,3]","[""+Y"",""+Z""]",nonplanar_multiface,0.6540676347777638,1.0,default,True,selected,selected,True,selected,selected
cube:E0042:cam3,cube,42,3,7,A_placement,cam3/rgb_00042.jpg,12,"[0,4,5]","[""+Z"",""-X"",""-Y""]",nonplanar_multiface,1.3320464569317267,1.0,default,True,selected,selected,True,selected,selected
board:E0043:cam2,board,43,2,7,A_placement,cam2/rgb_00043.jpg,56,"[0,1,2,3,4,5,10,11,12,13,14,15,16,17,18,19,20,21,22,23,24,25,26,27,28,29,30,31,32,33,34,35,36,37,38,39,40,41,42,43,44,45,46,47,48,49,50,51,52,53,54,55,56,57,58,59]",[],,,,,True,selected,selected,True,selected,selected
cube:E0043:cam2,cube,43,2,7,A_placement,cam2/rgb_00043.jpg,16,"[0,1,2,3]","[""+X"",""+Y"",""+Z""]",nonplanar_multiface,1.486259618135774,1.0,default,True,selected,selected,True,selected,selected
board:E0044:cam2,board,44,2,7,A_placement,cam2/rgb_00044.jpg,58,"[0,1,2,3,4,5,8,9,10,11,12,13,14,15,16,17,18,19,20,21,22,23,24,25,26,27,28,29,30,31,32,33,34,35,36,37,38,39,40,41,42,43,44,45,46,47,48,49,50,51,52,53,54,55,56,57,58,59]",[],,,,,True,selected,selected,True,selected,selected
cube:E0044:cam2,cube,44,2,7,A_placement,cam2/rgb_00044.jpg,16,"[0,1,3,4]","[""+Y"",""+Z"",""-X""]",nonplanar_multiface,1.5370869306214172,1.0,default,True,selected,selected,True,selected,selected
board:E0045:cam2,board,45,2,7,A_placement,cam2/rgb_00045.jpg,15,"[0,1,2,3,4,5,51,52,53,54,55,56,57,58,59]",[],,,,,True,selected,selected,True,selected,selected
cube:E0045:cam2,cube,45,2,7,A_placement,cam2/rgb_00045.jpg,12,"[0,1,2]","[""+X"",""+Z""]",nonplanar_multiface,1.2641678871154443,1.0,default,True,selected,selected,True,selected,selected
board:E0046:cam2,board,46,2,7,A_placement,cam2/rgb_00046.jpg,58,"[0,1,2,3,4,5,8,9,10,11,12,13,14,15,16,17,18,19,20,21,22,23,24,25,26,27,28,29,30,31,32,33,34,35,36,37,38,39,40,41,42,43,44,45,46,47,48,49,50,51,52,53,54,55,56,57,58,59]",[],,,,,True,selected,selected,True,selected,selected
cube:E0046:cam2,cube,46,2,7,A_placement,cam2/rgb_00046.jpg,16,"[0,1,3,4]","[""+Y"",""+Z"",""-X""]",nonplanar_multiface,0.9890283147658061,1.0,default,True,selected,selected,True,selected,selected
board:E0047:cam2,board,47,2,7,A_placement,cam2/rgb_00047.jpg,52,"[0,1,2,3,4,5,10,11,12,13,14,15,16,19,20,21,22,23,24,25,26,27,28,30,31,32,33,34,35,36,37,38,40,41,42,43,44,45,46,47,48,49,50,51,52,53,54,55,56,57,58,59]",[],,,,,True,selected,selected,True,selected,selected
cube:E0047:cam2,cube,47,2,7,A_placement,cam2/rgb_00047.jpg,12,"[0,1,3]","[""+Y"",""+Z""]",nonplanar_multiface,0.43983887239088426,1.0,up2_unsharp_relaxed,True,recovered,selected,True,recovered,selected
board:E0048:cam0,board,48,0,8,A_placement,cam0/rgb_00048.jpg,48,"[2,5,6,7,8,9,12,15,16,17,18,19,22,23,24,25,26,27,28,29,30,31,32,33,34,35,36,37,38,39,40,41,42,43,44,45,46,47,48,49,52,53,54,55,56,57,58,59]",[],,,,,True,selected,selected,True,selected,selected
cube:E0048:cam0,cube,48,0,8,A_placement,cam0/rgb_00048.jpg,12,"[1,4,5]","[""+Z"",""-X"",""-Y""]",nonplanar_multiface,0.9031021606794387,1.0,default,True,selected,selected,True,selected,selected
board:E0048:cam1,board,48,1,8,A_placement,cam1/rgb_00048.jpg,17,"[0,3,10,13,14,20,21,22,23,24,27,32,33,42,50,51,52]",[],,,,,True,selected,selected,True,selected,selected
cube:E0048:cam1,cube,48,1,8,A_placement,cam1/rgb_00048.jpg,16,"[0,1,3,4]","[""+Y"",""+Z"",""-X""]",nonplanar_multiface,1.0143030288794768,1.0,default,True,selected,selected,True,selected,selected
board:E0048:cam2,board,48,2,8,A_placement,cam2/rgb_00048.jpg,54,"[0,1,2,3,4,5,6,7,8,10,11,12,13,14,15,16,17,18,20,21,22,23,24,25,26,27,28,29,30,31,32,33,34,35,36,37,38,39,40,41,42,43,44,47,48,49,50,51,52,53,54,57,58,59]",[],,,,,True,selected,selected,True,selected,selected
cube:E0048:cam2,cube,48,2,8,A_placement,cam2/rgb_00048.jpg,16,"[0,1,4,5]","[""+Z"",""-X"",""-Y""]",nonplanar_multiface,0.9354911840250201,1.0,default,True,selected,selected,True,selected,selected
board:E0048:cam3,board,48,3,8,A_placement,cam3/rgb_00048.jpg,27,"[5,6,7,8,9,15,16,17,18,19,22,23,24,25,26,27,28,29,34,35,36,37,45,46,55,56,59]",[],,,,,True,selected,selected,True,selected,selected
cube:E0048:cam3,cube,48,3,8,A_placement,cam3/rgb_00048.jpg,8,"[0,5]","[""+Z"",""-Y""]",nonplanar_multiface,0.9064935379317288,1.0,default,True,selected,selected,True,selected,selected
board:E0049:cam2,board,49,2,8,A_placement,cam2/rgb_00049.jpg,58,"[0,1,4,5,6,7,8,9,10,11,12,13,14,15,16,17,18,19,20,21,22,23,24,25,26,27,28,29,30,31,32,33,34,35,36,37,38,39,40,41,42,43,44,45,46,47,48,49,50,51,52,53,54,55,56,57,58,59]",[],,,,,True,selected,selected,True,selected,selected
cube:E0049:cam2,cube,49,2,8,A_placement,cam2/rgb_00049.jpg,12,"[0,1,5]","[""+Z"",""-Y""]",nonplanar_multiface,1.2155946824941093,1.0,default,True,selected,selected,True,selected,selected
board:E0050:cam2,board,50,2,8,A_placement,cam2/rgb_00050.jpg,58,"[0,1,2,3,4,5,6,7,10,11,12,13,14,15,16,17,18,19,20,21,22,23,24,25,26,27,28,29,30,31,32,33,34,35,36,37,38,39,40,41,42,43,44,45,46,47,48,49,50,51,52,53,54,55,56,57,58,59]",[],,,,,True,selected,selected,True,selected,selected
cube:E0050:cam2,cube,50,2,8,A_placement,cam2/rgb_00050.jpg,12,"[0,1,4]","[""+Z"",""-X""]",nonplanar_multiface,1.0553979257577635,1.0,default,True,selected,selected,True,selected,selected
board:E0051:cam2,board,51,2,8,A_placement,cam2/rgb_00051.jpg,60,"[0,1,2,3,4,5,6,7,8,9,10,11,12,13,14,15,16,17,18,19,20,21,22,23,24,25,26,27,28,29,30,31,32,33,34,35,36,37,38,39,40,41,42,43,44,45,46,47,48,49,50,51,52,53,54,55,56,57,58,59]",[],,,,,True,selected,selected,True,selected,selected
cube:E0051:cam2,cube,51,2,8,A_placement,cam2/rgb_00051.jpg,16,"[0,1,4,5]","[""+Z"",""-X"",""-Y""]",nonplanar_multiface,1.0963887658032776,1.0,default,True,selected,selected,True,selected,selected
board:E0052:cam2,board,52,2,8,A_placement,cam2/rgb_00052.jpg,38,"[22,23,24,25,26,27,28,29,30,31,32,33,34,35,36,37,38,39,40,41,42,43,44,45,46,47,48,49,50,51,52,53,54,55,56,57,58,59]",[],,,,,True,selected,selected,True,selected,selected
cube:E0052:cam2,cube,52,2,8,A_placement,cam2/rgb_00052.jpg,16,"[0,1,4,5]","[""+Z"",""-X"",""-Y""]",nonplanar_multiface,1.0542385775020626,1.0,default,True,selected,selected,True,selected,selected
board:E0053:cam2,board,53,2,8,A_placement,cam2/rgb_00053.jpg,55,"[0,1,2,3,4,5,6,10,11,12,13,14,15,16,19,20,21,22,23,24,25,26,27,28,29,30,31,32,33,34,35,36,37,38,39,40,41,42,43,44,45,46,47,48,49,50,51,52,53,54,55,56,57,58,59]",[],,,,,True,selected,selected,True,selected,selected
cube:E0053:cam2,cube,53,2,8,A_placement,cam2/rgb_00053.jpg,16,"[0,1,4,5]","[""+Z"",""-X"",""-Y""]",nonplanar_multiface,1.094898769214372,1.0,default,True,selected,selected,True,selected,selected
board:E0054:cam0,board,54,0,9,A_placement,cam0/rgb_00054.jpg,49,"[0,3,8,9,13,14,15,16,17,18,19,22,23,24,25,26,27,28,29,30,31,32,33,34,35,36,37,38,39,40,41,42,43,44,45,46,47,48,49,50,51,52,53,54,55,56,57,58,59]",[],,,,,True,selected,selected,True,selected,selected
cube:E0054:cam0,cube,54,0,9,A_placement,cam0/rgb_00054.jpg,12,"[1,3,4]","[""+Y"",""+Z"",""-X""]",nonplanar_multiface,0.7899849072831475,1.0,default,True,selected,selected,True,selected,selected
board:E0054:cam1,board,54,1,9,A_placement,cam1/rgb_00054.jpg,20,"[0,1,10,11,12,13,14,20,21,22,23,24,25,26,27,32,33,42,50,51]",[],,,,,True,selected,selected,True,selected,selected
cube:E0054:cam1,cube,54,1,9,A_placement,cam1/rgb_00054.jpg,16,"[0,1,2,3]","[""+X"",""+Y"",""+Z""]",nonplanar_multiface,1.1578564966584026,1.0,default,True,selected,selected,True,selected,selected
board:E0054:cam2,board,54,2,9,A_placement,cam2/rgb_00054.jpg,56,"[0,1,2,3,4,5,6,7,8,9,10,11,12,13,14,15,16,17,18,19,20,21,22,23,24,25,26,29,30,31,32,33,34,35,36,39,40,41,42,43,44,45,46,47,48,49,50,51,52,53,54,55,56,57,58,59]",[],,,,,True,selected,selected,True,selected,selected
cube:E0054:cam2,cube,54,2,9,A_placement,cam2/rgb_00054.jpg,16,"[0,1,3,4]","[""+Y"",""+Z"",""-X""]",nonplanar_multiface,0.8907332451921346,1.0,default,True,selected,selected,True,selected,selected
board:E0054:cam3,board,54,3,9,A_placement,cam3/rgb_00054.jpg,20,"[5,6,7,8,9,16,17,18,19,22,23,27,28,29,34,37,45,46,56,59]",[],,,,,True,selected,selected,True,selected,selected
cube:E0054:cam3,cube,54,3,9,A_placement,cam3/rgb_00054.jpg,8,"[4,5]","[""-X"",""-Y""]",nonplanar_multiface,1.2790453956375045,1.0,default,True,selected,selected,True,selected,selected
board:E0055:cam2,board,55,2,9,A_placement,cam2/rgb_00055.jpg,60,"[0,1,2,3,4,5,6,7,8,9,10,11,12,13,14,15,16,17,18,19,20,21,22,23,24,25,26,27,28,29,30,31,32,33,34,35,36,37,38,39,40,41,42,43,44,45,46,47,48,49,50,51,52,53,54,55,56,57,58,59]",[],,,,,True,selected,selected,True,selected,selected
cube:E0055:cam2,cube,55,2,9,A_placement,cam2/rgb_00055.jpg,12,"[0,1,4]","[""+Z"",""-X""]",nonplanar_multiface,1.5370159668645502,1.0,default,True,selected,selected,True,selected,selected
board:E0056:cam2,board,56,2,9,A_placement,cam2/rgb_00056.jpg,60,"[0,1,2,3,4,5,6,7,8,9,10,11,12,13,14,15,16,17,18,19,20,21,22,23,24,25,26,27,28,29,30,31,32,33,34,35,36,37,38,39,40,41,42,43,44,45,46,47,48,49,50,51,52,53,54,55,56,57,58,59]",[],,,,,True,selected,selected,True,selected,selected
cube:E0056:cam2,cube,56,2,9,A_placement,cam2/rgb_00056.jpg,8,"[0,3]","[""+Y"",""+Z""]",nonplanar_multiface,1.0935414877440908,1.0,default,True,selected,selected,True,selected,selected
board:E0057:cam2,board,57,2,9,A_placement,cam2/rgb_00057.jpg,60,"[0,1,2,3,4,5,6,7,8,9,10,11,12,13,14,15,16,17,18,19,20,21,22,23,24,25,26,27,28,29,30,31,32,33,34,35,36,37,38,39,40,41,42,43,44,45,46,47,48,49,50,51,52,53,54,55,56,57,58,59]",[],,,,,True,selected,selected,True,selected,selected
cube:E0057:cam2,cube,57,2,9,A_placement,cam2/rgb_00057.jpg,16,"[0,1,3,4]","[""+Y"",""+Z"",""-X""]",nonplanar_multiface,1.4283627025608472,1.0,default,True,selected,selected,True,selected,selected
board:E0058:cam2,board,58,2,9,A_placement,cam2/rgb_00058.jpg,60,"[0,1,2,3,4,5,6,7,8,9,10,11,12,13,14,15,16,17,18,19,20,21,22,23,24,25,26,27,28,29,30,31,32,33,34,35,36,37,38,39,40,41,42,43,44,45,46,47,48,49,50,51,52,53,54,55,56,57,58,59]",[],,,,,True,selected,selected,True,selected,selected
cube:E0058:cam2,cube,58,2,9,A_placement,cam2/rgb_00058.jpg,16,"[0,1,3,4]","[""+Y"",""+Z"",""-X""]",nonplanar_multiface,1.3029432527997549,1.0,default,True,selected,selected,True,selected,selected
board:E0059:cam2,board,59,2,9,A_placement,cam2/rgb_00059.jpg,58,"[0,1,2,3,4,5,6,7,10,11,12,13,14,15,16,17,18,19,20,21,22,23,24,25,26,27,28,29,30,31,32,33,34,35,36,37,38,39,40,41,42,43,44,45,46,47,48,49,50,51,52,53,54,55,56,57,58,59]",[],,,,,True,selected,selected,True,selected,selected
cube:E0059:cam2,cube,59,2,9,A_placement,cam2/rgb_00059.jpg,12,"[0,1,3]","[""+Y"",""+Z""]",nonplanar_multiface,0.6730204870430473,1.0,default,True,selected,selected,True,selected,selected
board:E0060:cam0,board,60,0,10,A_placement,cam0/rgb_00060.jpg,45,"[0,6,7,10,15,16,17,18,19,20,21,22,23,24,25,26,27,28,29,30,31,32,33,34,35,36,37,38,39,40,41,42,43,44,47,48,49,50,51,52,53,54,57,58,59]",[],,,,,True,selected,selected,True,selected,selected
cube:E0060:cam0,cube,60,0,10,A_placement,cam0/rgb_00060.jpg,8,"[2,3]","[""+X"",""+Y""]",nonplanar_multiface,0.7461774413336356,1.0,default,True,selected,selected,True,selected,selected
board:E0060:cam1,board,60,1,10,A_placement,cam1/rgb_00060.jpg,14,"[15,16,24,25,26,27,30,33,40,41,42,50,51,52]",[],,,,,True,selected,selected,True,selected,selected
cube:E0060:cam1,cube,60,1,10,A_placement,cam1/rgb_00060.jpg,16,"[0,1,2,5]","[""+X"",""+Z"",""-Y""]",nonplanar_multiface,1.24123963000851,1.0,default,True,selected,selected,True,selected,selected
board:E0060:cam2,board,60,2,10,A_placement,cam2/rgb_00060.jpg,56,"[0,1,2,5,6,7,8,9,10,11,12,15,16,17,18,19,20,21,22,23,24,25,26,27,28,29,30,31,32,33,34,35,36,37,38,39,40,41,42,43,44,45,46,47,48,49,50,51,52,53,54,55,56,57,58,59]",[],,,,,True,selected,selected,True,selected,selected
cube:E0060:cam2,cube,60,2,10,A_placement,cam2/rgb_00060.jpg,16,"[0,1,2,3]","[""+X"",""+Y"",""+Z""]",nonplanar_multiface,1.025507728217094,1.0,default,True,selected,selected,True,selected,selected
cube:E0060:cam3,cube,60,3,10,A_placement,cam3/rgb_00060.jpg,12,"[0,3,4]","[""+Y"",""+Z"",""-X""]",nonplanar_multiface,0.8140799616598496,1.0,default,True,selected,selected,True,selected,selected
board:E0061:cam2,board,61,2,10,A_placement,cam2/rgb_00061.jpg,60,"[0,1,2,3,4,5,6,7,8,9,10,11,12,13,14,15,16,17,18,19,20,21,22,23,24,25,26,27,28,29,30,31,32,33,34,35,36,37,38,39,40,41,42,43,44,45,46,47,48,49,50,51,52,53,54,55,56,57,58,59]",[],,,,,True,selected,selected,True,selected,selected
cube:E0061:cam2,cube,61,2,10,A_placement,cam2/rgb_00061.jpg,16,"[0,1,3,4]","[""+Y"",""+Z"",""-X""]",nonplanar_multiface,1.246158715242053,1.0,default,True,selected,selected,True,selected,selected
board:E0062:cam2,board,62,2,10,A_placement,cam2/rgb_00062.jpg,56,"[0,1,2,3,4,5,6,7,8,9,10,11,12,13,14,15,18,19,20,21,22,23,24,25,28,29,30,31,32,33,34,35,36,37,38,39,40,41,42,43,44,45,46,47,48,49,50,51,52,53,54,55,56,57,58,59]",[],,,,,True,selected,selected,True,selected,selected
cube:E0062:cam2,cube,62,2,10,A_placement,cam2/rgb_00062.jpg,16,"[0,1,2,3]","[""+X"",""+Y"",""+Z""]",nonplanar_multiface,1.6465931002555556,0.9375,default,True,selected,selected,True,selected,selected
board:E0063:cam2,board,63,2,10,A_placement,cam2/rgb_00063.jpg,60,"[0,1,2,3,4,5,6,7,8,9,10,11,12,13,14,15,16,17,18,19,20,21,22,23,24,25,26,27,28,29,30,31,32,33,34,35,36,37,38,39,40,41,42,43,44,45,46,47,48,49,50,51,52,53,54,55,56,57,58,59]",[],,,,,True,selected,selected,True,selected,selected
cube:E0063:cam2,cube,63,2,10,A_placement,cam2/rgb_00063.jpg,12,"[0,1,4]","[""+Z"",""-X""]",nonplanar_multiface,1.9557477014643954,1.0,default,True,selected,selected,True,selected,selected
board:E0064:cam2,board,64,2,10,A_placement,cam2/rgb_00064.jpg,53,"[0,1,2,3,4,5,6,7,8,9,10,11,12,13,14,15,16,17,18,19,20,21,22,23,24,25,26,27,28,29,30,31,32,33,34,35,36,37,38,39,40,41,42,43,44,45,46,50,51,52,53,54,55]",[],,,,,True,selected,selected,True,selected,selected
cube:E0064:cam2,cube,64,2,10,A_placement,cam2/rgb_00064.jpg,8,"[1,3]","[""+Y"",""+Z""]",nonplanar_multiface,0.720597721566559,1.0,default,True,selected,selected,True,selected,selected
board:E0065:cam2,board,65,2,10,A_placement,cam2/rgb_00065.jpg,60,"[0,1,2,3,4,5,6,7,8,9,10,11,12,13,14,15,16,17,18,19,20,21,22,23,24,25,26,27,28,29,30,31,32,33,34,35,36,37,38,39,40,41,42,43,44,45,46,47,48,49,50,51,52,53,54,55,56,57,58,59]",[],,,,,True,selected,selected,True,selected,selected
cube:E0065:cam2,cube,65,2,10,A_placement,cam2/rgb_00065.jpg,12,"[0,1,3]","[""+Y"",""+Z""]",nonplanar_multiface,0.7441602445741428,1.0,default,True,selected,selected,True,selected,selected
board:E0066:cam0,board,66,0,11,A_placement,cam0/rgb_00066.jpg,46,"[0,6,7,15,16,17,18,19,22,23,24,25,26,27,28,29,30,31,32,33,34,35,36,37,38,39,40,41,42,43,44,45,46,47,48,49,50,51,52,53,54,55,56,57,58,59]",[],,,,,True,selected,selected,True,selected,selected
cube:E0066:cam0,cube,66,0,11,A_placement,cam0/rgb_00066.jpg,12,"[1,3,4]","[""+Y"",""+Z"",""-X""]",nonplanar_multiface,1.0577171151450435,1.0,default,True,selected,selected,True,selected,selected
board:E0066:cam1,board,66,1,11,A_placement,cam1/rgb_00066.jpg,13,"[0,1,2,3,12,13,14,23,24,25,26,27,55]",[],,,,,True,selected,selected,True,selected,selected
cube:E0066:cam1,cube,66,1,11,A_placement,cam1/rgb_00066.jpg,16,"[0,1,2,5]","[""+X"",""+Z"",""-Y""]",nonplanar_multiface,1.2687286981696542,1.0,default,True,selected,selected,True,selected,selected
board:E0066:cam2,board,66,2,11,A_placement,cam2/rgb_00066.jpg,60,"[0,1,2,3,4,5,6,7,8,9,10,11,12,13,14,15,16,17,18,19,20,21,22,23,24,25,26,27,28,29,30,31,32,33,34,35,36,37,38,39,40,41,42,43,44,45,46,47,48,49,50,51,52,53,54,55,56,57,58,59]",[],,,,,True,selected,selected,True,selected,selected
cube:E0066:cam2,cube,66,2,11,A_placement,cam2/rgb_00066.jpg,12,"[0,1,3]","[""+Y"",""+Z""]",nonplanar_multiface,0.6150847655071151,1.0,default,True,selected,selected,True,selected,selected
board:E0066:cam3,board,66,3,11,A_placement,cam3/rgb_00066.jpg,19,"[0,5,8,9,16,17,18,19,22,23,27,28,29,34,37,45,46,56,59]",[],,,,,True,selected,selected,True,selected,selected
cube:E0066:cam3,cube,66,3,11,A_placement,cam3/rgb_00066.jpg,8,"[4,5]","[""-X"",""-Y""]",nonplanar_multiface,2.1284174257099497,0.875,default,True,selected,selected,False,quarantine,pnp_rmse_above_2px
board:E0067:cam2,board,67,2,11,A_placement,cam2/rgb_00067.jpg,60,"[0,1,2,3,4,5,6,7,8,9,10,11,12,13,14,15,16,17,18,19,20,21,22,23,24,25,26,27,28,29,30,31,32,33,34,35,36,37,38,39,40,41,42,43,44,45,46,47,48,49,50,51,52,53,54,55,56,57,58,59]",[],,,,,True,selected,selected,True,selected,selected
cube:E0067:cam2,cube,67,2,11,A_placement,cam2/rgb_00067.jpg,12,"[0,1,4]","[""+Z"",""-X""]",nonplanar_multiface,0.8895233853463292,1.0,default,True,selected,selected,True,selected,selected
board:E0068:cam2,board,68,2,11,A_placement,cam2/rgb_00068.jpg,60,"[0,1,2,3,4,5,6,7,8,9,10,11,12,13,14,15,16,17,18,19,20,21,22,23,24,25,26,27,28,29,30,31,32,33,34,35,36,37,38,39,40,41,42,43,44,45,46,47,48,49,50,51,52,53,54,55,56,57,58,59]",[],,,,,True,selected,selected,True,selected,selected
cube:E0068:cam2,cube,68,2,11,A_placement,cam2/rgb_00068.jpg,16,"[0,1,4,5]","[""+Z"",""-X"",""-Y""]",nonplanar_multiface,1.639172350424799,1.0,default,True,selected,selected,True,selected,selected
board:E0069:cam2,board,69,2,11,A_placement,cam2/rgb_00069.jpg,45,"[0,1,2,3,4,5,6,7,8,9,10,11,12,13,14,15,16,17,18,19,20,21,22,23,24,25,26,30,31,32,33,34,35,40,41,42,43,44,50,51,52,53,57,58,59]",[],,,,,True,selected,selected,True,selected,selected
board:E0070:cam2,board,70,2,11,A_placement,cam2/rgb_00070.jpg,60,"[0,1,2,3,4,5,6,7,8,9,10,11,12,13,14,15,16,17,18,19,20,21,22,23,24,25,26,27,28,29,30,31,32,33,34,35,36,37,38,39,40,41,42,43,44,45,46,47,48,49,50,51,52,53,54,55,56,57,58,59]",[],,,,,True,selected,selected,True,selected,selected
cube:E0070:cam2,cube,70,2,11,A_placement,cam2/rgb_00070.jpg,16,"[0,1,3,4]","[""+Y"",""+Z"",""-X""]",nonplanar_multiface,1.412449853565145,1.0,default,True,selected,selected,True,selected,selected
board:E0071:cam2,board,71,2,11,A_placement,cam2/rgb_00071.jpg,52,"[1,2,3,4,5,6,7,11,12,13,14,15,16,17,18,19,20,21,22,23,24,25,26,27,28,29,30,31,32,33,34,35,36,37,38,39,40,41,42,43,44,45,46,49,50,51,52,53,54,55,56,59]",[],,,,,True,selected,selected,True,selected,selected
cube:E0071:cam2,cube,71,2,11,A_placement,cam2/rgb_00071.jpg,8,"[1,3]","[""+Y"",""+Z""]",nonplanar_multiface,1.102351480524542,1.0,default,True,selected,selected,True,selected,selected
board:E0072:cam0,board,72,0,12,A_placement,cam0/rgb_00072.jpg,46,"[4,5,10,13,14,15,16,17,18,19,20,21,22,23,24,25,26,27,28,29,30,31,32,33,34,35,36,37,38,39,40,41,42,43,44,47,48,49,50,51,52,53,54,57,58,59]",[],,,,,True,selected,selected,True,selected,selected
cube:E0072:cam0,cube,72,0,12,A_placement,cam0/rgb_00072.jpg,16,"[0,1,4,5]","[""+Z"",""-X"",""-Y""]",nonplanar_multiface,1.0528492224988122,1.0,default,True,selected,selected,True,selected,selected
board:E0072:cam1,board,72,1,12,A_placement,cam1/rgb_00072.jpg,23,"[0,3,10,13,14,15,16,20,21,22,23,24,25,26,27,30,31,32,33,41,42,52,55]",[],,,,,True,selected,selected,True,selected,selected
cube:E0072:cam1,cube,72,1,12,A_placement,cam1/rgb_00072.jpg,16,"[0,1,2,3]","[""+X"",""+Y"",""+Z""]",nonplanar_multiface,0.9856346574659914,1.0,default,True,selected,selected,True,selected,selected
board:E0072:cam2,board,72,2,12,A_placement,cam2/rgb_00072.jpg,60,"[0,1,2,3,4,5,6,7,8,9,10,11,12,13,14,15,16,17,18,19,20,21,22,23,24,25,26,27,28,29,30,31,32,33,34,35,36,37,38,39,40,41,42,43,44,45,46,47,48,49,50,51,52,53,54,55,56,57,58,59]",[],,,,,True,selected,selected,True,selected,selected
cube:E0072:cam2,cube,72,2,12,A_placement,cam2/rgb_00072.jpg,12,"[0,1,4]","[""+Z"",""-X""]",nonplanar_multiface,1.493400057818903,1.0,default,True,selected,selected,True,selected,selected
board:E0072:cam3,board,72,3,12,A_placement,cam3/rgb_00072.jpg,24,"[8,9,16,17,18,19,22,23,27,28,29,34,37,38,39,45,46,47,48,49,56,57,58,59]",[],,,,,True,selected,selected,True,selected,selected
cube:E0072:cam3,cube,72,3,12,A_placement,cam3/rgb_00072.jpg,8,"[2,5]","[""+X"",""-Y""]",nonplanar_multiface,0.9434986680464985,1.0,default,True,selected,selected,True,selected,selected
board:E0073:cam2,board,73,2,12,A_placement,cam2/rgb_00073.jpg,60,"[0,1,2,3,4,5,6,7,8,9,10,11,12,13,14,15,16,17,18,19,20,21,22,23,24,25,26,27,28,29,30,31,32,33,34,35,36,37,38,39,40,41,42,43,44,45,46,47,48,49,50,51,52,53,54,55,56,57,58,59]",[],,,,,True,selected,selected,True,selected,selected
cube:E0073:cam2,cube,73,2,12,A_placement,cam2/rgb_00073.jpg,12,"[0,1,5]","[""+Z"",""-Y""]",nonplanar_multiface,1.2526197358584596,1.0,default,True,selected,selected,True,selected,selected
board:E0074:cam2,board,74,2,12,A_placement,cam2/rgb_00074.jpg,22,"[7,8,9,30,41,42,43,44,45,46,47,48,49,51,52,53,54,55,56,57,58,59]",[],,,,,True,selected,selected,True,selected,selected
cube:E0074:cam2,cube,74,2,12,A_placement,cam2/rgb_00074.jpg,16,"[0,1,2,3]","[""+X"",""+Y"",""+Z""]",nonplanar_multiface,1.525173774574772,1.0,default,True,selected,selected,True,selected,selected
board:E0075:cam2,board,75,2,12,A_placement,cam2/rgb_00075.jpg,60,"[0,1,2,3,4,5,6,7,8,9,10,11,12,13,14,15,16,17,18,19,20,21,22,23,24,25,26,27,28,29,30,31,32,33,34,35,36,37,38,39,40,41,42,43,44,45,46,47,48,49,50,51,52,53,54,55,56,57,58,59]",[],,,,,True,selected,selected,True,selected,selected
cube:E0075:cam2,cube,75,2,12,A_placement,cam2/rgb_00075.jpg,8,"[0,5]","[""+Z"",""-Y""]",nonplanar_multiface,1.2012343403849126,1.0,default,True,selected,selected,True,selected,selected
board:E0076:cam2,board,76,2,12,A_placement,cam2/rgb_00076.jpg,60,"[0,1,2,3,4,5,6,7,8,9,10,11,12,13,14,15,16,17,18,19,20,21,22,23,24,25,26,27,28,29,30,31,32,33,34,35,36,37,38,39,40,41,42,43,44,45,46,47,48,49,50,51,52,53,54,55,56,57,58,59]",[],,,,,True,selected,selected,True,selected,selected
cube:E0076:cam2,cube,76,2,12,A_placement,cam2/rgb_00076.jpg,16,"[0,1,2,5]","[""+X"",""+Z"",""-Y""]",nonplanar_multiface,1.2136526317998702,1.0,default,True,selected,selected,True,selected,selected
board:E0077:cam2,board,77,2,12,A_placement,cam2/rgb_00077.jpg,60,"[0,1,2,3,4,5,6,7,8,9,10,11,12,13,14,15,16,17,18,19,20,21,22,23,24,25,26,27,28,29,30,31,32,33,34,35,36,37,38,39,40,41,42,43,44,45,46,47,48,49,50,51,52,53,54,55,56,57,58,59]",[],,,,,True,selected,selected,True,selected,selected
cube:E0077:cam2,cube,77,2,12,A_placement,cam2/rgb_00077.jpg,16,"[0,1,4,5]","[""+Z"",""-X"",""-Y""]",nonplanar_multiface,2.8470006070450022,0.9375,default,True,selected,selected,False,quarantine,pnp_rmse_above_2px
board:E0078:cam0,board,78,0,13,B_eyetohand,cam0/rgb_00078.jpg,44,"[0,4,5,13,14,15,16,17,18,19,22,23,24,25,26,27,28,29,30,31,32,33,34,35,36,37,38,39,40,41,42,43,44,47,48,49,50,51,52,53,54,57,58,59]",[],,,,,True,selected,selected,True,selected,selected
board:E0078:cam1,board,78,1,13,B_eyetohand,cam1/rgb_00078.jpg,23,"[0,1,2,3,10,11,12,13,14,15,16,20,21,22,23,24,27,32,33,42,50,51,52]",[],,,,,True,selected,selected,True,selected,selected
board:E0078:cam3,board,78,3,13,B_eyetohand,cam3/rgb_00078.jpg,24,"[0,6,9,16,19,22,23,26,27,28,34,35,36,37,38,45,46,47,48,49,56,57,58,59]",[],,,,,True,selected,selected,True,selected,selected
board:E0079:cam0,board,79,0,13,B_eyetohand,cam0/rgb_00079.jpg,42,"[2,5,8,9,12,15,16,17,18,19,22,23,24,25,26,27,28,29,30,31,32,33,34,35,36,37,38,39,40,41,42,43,44,47,48,49,52,53,54,57,58,59]",[],,,,,True,selected,selected,True,selected,selected
board:E0079:cam1,board,79,1,13,B_eyetohand,cam1/rgb_00079.jpg,29,"[0,1,2,3,10,11,12,13,14,15,16,20,21,22,23,24,25,26,27,30,31,32,33,40,41,42,50,51,55]",[],,,,,True,selected,selected,True,selected,selected
board:E0079:cam3,board,79,3,13,B_eyetohand,cam3/rgb_00079.jpg,29,"[6,7,8,9,16,17,18,19,22,23,26,27,28,29,34,35,36,37,38,39,45,46,47,48,49,56,57,58,59]",[],,,,,True,selected,selected,True,selected,selected
board:E0080:cam1,board,80,1,13,B_eyetohand,cam1/rgb_00080.jpg,27,"[0,1,2,3,10,11,12,13,14,15,16,20,21,22,23,24,25,26,27,30,31,32,33,40,41,42,55]",[],,,,,True,selected,selected,True,selected,selected
board:E0080:cam3,board,80,3,13,B_eyetohand,cam3/rgb_00080.jpg,27,"[0,5,6,7,8,9,16,17,18,19,22,23,26,27,28,31,36,37,38,46,47,48,49,56,57,58,59]",[],,,,,True,selected,selected,True,selected,selected
board:E0081:cam0,board,81,0,13,B_eyetohand,cam0/rgb_00081.jpg,44,"[4,5,6,7,12,13,14,15,16,17,18,19,22,23,24,25,26,27,28,29,30,31,32,33,34,35,36,37,38,39,40,41,42,43,44,47,48,49,52,53,54,57,58,59]",[],,,,,True,selected,selected,True,selected,selected
board:E0081:cam1,board,81,1,13,B_eyetohand,cam1/rgb_00081.jpg,31,"[0,1,2,3,10,11,12,13,14,15,16,20,21,22,23,24,25,26,27,30,31,32,33,34,35,40,41,42,50,51,52]",[],,,,,True,selected,selected,True,selected,selected
board:E0081:cam3,board,81,3,13,B_eyetohand,cam3/rgb_00081.jpg,30,"[6,7,8,9,16,17,18,19,22,23,26,27,28,29,34,35,36,37,38,39,45,46,47,48,49,55,56,57,58,59]",[],,,,,True,selected,selected,True,selected,selected
board:E0082:cam1,board,82,1,13,B_eyetohand,cam1/rgb_00082.jpg,28,"[0,1,2,3,10,11,12,13,14,15,16,20,21,22,23,24,25,26,27,30,31,32,33,40,41,42,52,55]",[],,,,,True,selected,selected,True,selected,selected
board:E0083:cam0,board,83,0,13,B_eyetohand,cam0/rgb_00083.jpg,47,"[0,1,2,5,12,15,16,17,18,19,22,23,24,25,26,27,28,29,31,32,33,34,35,36,37,38,39,40,41,42,43,44,45,46,47,48,49,50,51,52,53,54,55,56,57,58,59]",[],,,,,True,selected,selected,True,selected,selected
board:E0083:cam1,board,83,1,13,B_eyetohand,cam1/rgb_00083.jpg,33,"[0,1,2,3,10,11,12,13,14,15,16,20,21,22,23,24,25,26,27,30,31,32,33,34,35,40,41,42,45,50,51,52,55]",[],,,,,True,selected,selected,True,selected,selected
board:E0084:cam0,board,84,0,13,B_eyetohand,cam0/rgb_00084.jpg,43,"[3,4,5,8,9,13,14,15,16,17,18,19,22,23,24,25,26,27,28,31,32,33,34,35,36,37,38,40,41,42,43,44,45,46,47,48,52,53,54,55,56,57,58]",[],,,,,True,selected,selected,True,selected,selected
board:E0084:cam1,board,84,1,13,B_eyetohand,cam1/rgb_00084.jpg,28,"[0,3,10,13,14,15,16,20,21,22,23,24,25,26,27,28,30,31,32,33,34,35,40,41,42,45,52,55]",[],,,,,True,selected,selected,True,selected,selected
board:E0084:cam3,board,84,3,13,B_eyetohand,cam3/rgb_00084.jpg,31,"[0,5,6,7,8,9,16,17,18,19,22,23,26,27,28,29,34,35,36,37,38,39,45,46,47,48,49,56,57,58,59]",[],,,,,True,selected,selected,True,selected,selected
board:E0085:cam0,board,85,0,13,B_eyetohand,cam0/rgb_00085.jpg,49,"[0,3,6,7,13,14,15,16,17,18,19,22,23,24,25,26,27,28,29,30,31,32,33,34,35,36,37,38,39,40,41,42,43,44,45,46,47,48,49,50,51,52,53,54,55,56,57,58,59]",[],,,,,True,selected,selected,True,selected,selected
board:E0085:cam1,board,85,1,13,B_eyetohand,cam1/rgb_00085.jpg,30,"[0,1,2,3,10,11,12,13,14,15,16,20,21,22,23,24,25,26,27,30,31,32,33,40,41,42,50,51,52,55]",[],,,,,True,selected,selected,True,selected,selected
board:E0086:cam0,board,86,0,13,B_eyetohand,cam0/rgb_00086.jpg,13,"[0,1,12,19,22,23,24,28,29,38,39,53,54]",[],,,,,True,selected,selected,True,selected,selected
board:E0086:cam1,board,86,1,13,B_eyetohand,cam1/rgb_00086.jpg,28,"[0,1,2,10,11,12,15,16,20,21,22,23,24,25,26,27,30,31,32,33,34,35,40,41,42,50,51,52]",[],,,,,True,selected,selected,True,selected,selected
board:E0086:cam3,board,86,3,13,B_eyetohand,cam3/rgb_00086.jpg,11,"[9,19,27,28,29,37,38,39,47,48,57]",[],,,,,True,selected,selected,False,quarantine,charuco_corners_below_12
board:E0087:cam0,board,87,0,13,B_eyetohand,cam0/rgb_00087.jpg,43,"[0,5,6,7,8,9,15,16,17,18,19,22,23,24,25,26,27,28,29,30,31,32,33,34,35,36,37,38,39,40,41,42,43,44,47,48,49,52,53,54,57,58,59]",[],,,,,True,selected,selected,True,selected,selected
board:E0087:cam1,board,87,1,13,B_eyetohand,cam1/rgb_00087.jpg,31,"[0,1,2,3,10,11,12,13,14,15,16,20,21,22,23,24,25,26,27,30,31,32,33,34,35,40,41,42,45,52,55]",[],,,,,True,selected,selected,True,selected,selected
board:E0087:cam3,board,87,3,13,B_eyetohand,cam3/rgb_00087.jpg,23,"[5,6,9,16,19,22,23,27,28,29,34,37,38,39,45,46,47,48,49,56,57,58,59]",[],,,,,True,selected,selected,True,selected,selected
board:E0088:cam0,board,88,0,13,B_eyetohand,cam0/rgb_00088.jpg,42,"[2,5,12,15,16,17,18,19,22,23,24,25,26,27,28,29,30,31,32,33,34,35,36,37,38,39,40,41,42,43,44,47,48,49,50,51,52,53,54,57,58,59]",[],,,,,True,selected,selected,True,selected,selected
board:E0088:cam1,board,88,1,13,B_eyetohand,cam1/rgb_00088.jpg,29,"[0,1,2,3,10,11,12,13,14,20,21,22,23,24,27,30,31,32,33,34,40,41,42,45,50,51,52,55,56]",[],,,,,True,selected,selected,True,selected,selected
board:E0088:cam3,board,88,3,13,B_eyetohand,cam3/rgb_00088.jpg,22,"[5,6,7,8,9,16,17,18,19,22,23,26,27,28,29,34,35,36,37,45,46,47]",[],,,,,True,selected,selected,True,selected,selected
board:E0089:cam0,board,89,0,13,B_eyetohand,cam0/rgb_00089.jpg,49,"[0,3,4,5,6,7,13,14,15,16,17,18,19,22,23,24,25,26,27,28,29,30,31,32,33,34,35,36,37,38,39,40,41,42,43,44,45,46,47,48,49,52,53,54,55,56,57,58,59]",[],,,,,True,selected,selected,True,selected,selected
board:E0089:cam1,board,89,1,13,B_eyetohand,cam1/rgb_00089.jpg,20,"[0,3,10,13,14,15,16,20,21,22,23,24,27,32,33,34,42,50,51,52]",[],,,,,True,selected,selected,True,selected,selected
board:E0089:cam3,board,89,3,13,B_eyetohand,cam3/rgb_00089.jpg,21,"[5,6,7,8,9,16,17,18,19,26,27,28,29,36,37,46,47,56,57,58,59]",[],,,,,True,selected,selected,True,selected,selected
board:E0090:cam0,board,90,0,13,B_eyetohand,cam0/rgb_00090.jpg,48,"[0,1,2,3,6,7,8,9,12,13,14,15,16,17,18,19,22,23,24,25,26,27,28,29,30,31,32,33,34,35,36,37,38,39,40,41,42,43,44,47,48,49,52,53,54,57,58,59]",[],,,,,True,selected,selected,True,selected,selected
board:E0090:cam1,board,90,1,13,B_eyetohand,cam1/rgb_00090.jpg,23,"[0,1,2,10,11,12,15,16,20,21,22,23,24,25,26,30,31,32,33,40,41,42,52]",[],,,,,True,selected,selected,True,selected,selected
board:E0090:cam3,board,90,3,13,B_eyetohand,cam3/rgb_00090.jpg,23,"[6,7,8,9,16,17,18,19,26,27,28,29,34,35,36,37,45,46,47,56,57,58,59]",[],,,,,True,selected,selected,True,selected,selected
