method,event_id,set_idx,target,camera_id,raw_samples,accepted_samples,accepted_ratio,signed_median_mm,abs_median_mm,signed_rmse_mm,abs_p95_mm,centroid_base_m
A0,24,4,board,0,546,546,1.0,6.718345881894056,6.718345881894056,7.030097155811402,10.3937314899618,"[-0.27549857773114805, 0.48469301417606925, -0.022898569510410503]"
A0,24,4,board,1,451,451,1.0,7.160071031449937,7.160071031449937,7.164774168445373,8.405822496330916,"[-0.28529835654108293, 0.40890405124000906, -0.023106175863955237]"
A0,24,4,board,2,1196,1196,1.0,-2.9817236836007455,3.0043684680986456,5.868187646712761,11.571510010969732,"[-0.26778652441955625, 0.44819101910257014, -0.012304676552538708]"
A0,24,4,board,3,568,568,1.0,9.804152911464872,9.804152911464872,9.865381190801363,11.166778492922592,"[-0.28602688936555526, 0.4903105727272687, -0.02599509469940912]"
A0,54,9,board,0,754,754,1.0,6.676982396097102,6.676982396097102,7.048106958547531,10.342496338983402,"[-0.28683512709733855, 0.4642977201153098, -0.022811980290565217]"
A0,54,9,board,1,467,467,1.0,7.211747958101536,7.211747958101536,7.253982740275844,8.34522632163407,"[-0.2836903797761964, 0.41591013764039714, -0.023230152524493466]"
A0,54,9,board,2,1193,1193,1.0,10.015964745122103,10.015964745122103,11.780925300725384,18.82505473574466,"[-0.27390215460619965, 0.45296904913513497, -0.005257979421686629]"
A0,54,9,board,3,606,606,1.0,-9.652796446918376,9.652796446918376,9.644530810801559,11.081963540976961,"[-0.28179464629695555, 0.4943154681115493, -0.025801351028706558]"
A0,72,12,board,0,678,678,1.0,7.112198726325597,7.112198726325597,7.324743098142925,10.343738921583936,"[-0.28207853640915265, 0.46434507239199385, -0.02315026505739517]"
A0,72,12,board,1,602,602,1.0,7.190390287793376,7.190390287793376,7.201289339255813,8.447611481265147,"[-0.28339306660137437, 0.433625544784085, -0.02320218358663922]"
A0,72,12,board,2,1187,1187,1.0,-12.250448839674736,12.250448839674736,14.567191638657128,24.341781177039188,"[-0.275774422044429, 0.4534504598249173, -0.002605514836587552]"
A0,72,12,board,3,529,529,1.0,-9.490346022504465,9.490346022504465,9.6578263686474,11.171171908666508,"[-0.27619150410065046, 0.49924643242283884, -0.025852054161860025]"
A1,24,4,board,0,546,546,1.0,-6.497574362030564,6.497574362030564,6.992769987009671,10.53042669146136,"[-0.2751565742849372, 0.4847331620570087, -0.022800609049161195]"
A1,24,4,cube,0,273,273,1.0,8.525631307144785,8.925928488959842,8.99460190306705,10.754806348665168,"[-0.21899858236904665, 0.6362390693045566, 0.00562746876566311]"
A1,24,4,board,1,451,451,1.0,-7.586893366851384,7.586893366851384,7.585677593218409,8.972398952619546,"[-0.2852899346900885, 0.4096547017979889, -0.023488423541083513]"
A1,24,4,cube,1,156,156,1.0,-12.908163321196762,12.908163321196762,12.545636872128222,15.272533908751107,"[-0.2277911822098401, 0.6356319294817302, 0.0053516722262517595]"
A1,24,4,board,2,1196,1196,1.0,-2.8475510119700393,2.8836382731379144,5.76415570488442,11.417706536908186,"[-0.2679090044245922, 0.4481948061512763, -0.012434884794237216]"
A1,24,4,cube,2,201,201,1.0,7.234633080348947,9.523233057887783,9.704778537356836,14.141696359656585,"[-0.203790076602569, 0.6144132745484702, 0.022437857291563446]"
A1,24,4,board,3,568,568,1.0,8.836110007210735,8.836110007210735,8.85228199538726,10.36220814025937,"[-0.28753809176379486, 0.4931875132130101, -0.024959639855794146]"
A1,24,4,cube,3,320,320,1.0,-8.621271827710231,8.621271827710231,7.911468611057765,10.488203231089486,"[-0.23465248663679955, 0.6505871577058484, 0.0073882909142272465]"
A1,54,9,board,0,754,754,1.0,-6.463652647393637,6.463652647393637,6.938762289850296,10.566979063400016,"[-0.28655159055064167, 0.4643708555569242, -0.02264912521876362]"
A1,54,9,cube,0,150,150,1.0,2.8440423144159785,9.204497873761273,9.28884520058358,13.496157394437995,"[-0.4115397774290858, 0.36043618594890003, 0.008224995365609274]"
A1,54,9,board,1,467,467,1.0,-7.705606048897658,7.705606048897658,7.6976921589374445,9.003315721132372,"[-0.2836565485022742, 0.41665438286504736, -0.023639157277849064]"
A1,54,9,cube,1,382,382,1.0,9.10271571695073,9.10271571695073,9.347521945913305,11.403219028820562,"[-0.43359351034215626, 0.3509519771325837, 0.011029272677383566]"
A1,54,9,board,2,1193,1193,1.0,9.885083579638628,9.885083579638628,11.644942246629304,18.698251659021356,"[-0.27402081862854266, 0.452972696216052, -0.0053847828310627545]"
A1,54,9,cube,2,198,198,1.0,0.4443521898909199,5.5653852075847166,6.263316823206309,8.33697130773407,"[-0.39485945982389925, 0.35431119000217237, 0.027319207906311652]"
A1,54,9,board,3,606,606,1.0,-8.537723311740933,8.537723311740933,8.629409764697703,10.238861996414416,"[-0.2832990191655795, 0.49718498677564, -0.024761969261586098]"
A1,54,9,cube,3,295,295,1.0,-8.915578198006338,11.009895617860153,11.177533755785374,13.936843304184524,"[-0.42506634051084213, 0.3640767007122642, 0.006700499331144188]"
A1,72,12,board,0,678,678,1.0,-6.7995356675002645,6.7995356675002645,7.185144054117565,10.284233172058618,"[-0.2817933083693141, 0.4644027713137472, -0.022964665808605737]"
A1,72,12,cube,0,270,270,1.0,-1.2591119836273053,2.412136360595957,3.0650758751375546,5.933395660863244,"[-0.23049734339866518, 0.2824149165083167, 0.014863919888969002]"
A1,72,12,board,1,602,602,1.0,7.704194029745775,7.704194029745775,7.734079246915813,9.182000148545665,"[-0.2832972759885218, 0.434368539628294, -0.02370549791407402]"
A1,72,12,cube,1,397,397,1.0,11.65099542753386,11.65099542753386,11.094644747480167,13.366729401027882,"[-0.2481100588419551, 0.2696594708303904, 0.009846037209931057]"
A1,72,12,board,2,1187,1187,1.0,12.097391709698453,12.097391709698453,14.433096293345509,24.16465851651575,"[-0.27589088795550093, 0.45345430301465917, -0.0027308036315219827]"
A1,72,12,cube,2,245,245,1.0,4.9288665849907884,5.81666793417212,6.028336682253529,9.270370835373669,"[-0.22084935381788348, 0.2744561801248219, 0.03285055910595457]"
A1,72,12,board,3,529,529,1.0,-8.532418763238198,8.532418763238198,8.635794958109699,10.389652859309248,"[-0.2776843987640419, 0.502102962659022, -0.0248036018936344]"
A1,72,12,cube,3,173,173,1.0,15.903629353364469,16.593250662682742,16.663566995768615,20.137000706480542,"[-0.2444590954350544, 0.27737030642283805, 0.008752236610307482]"
A2,24,4,board,0,546,546,1.0,6.26703084190893,6.26703084190893,6.766543168124336,10.23010435054632,"[-0.27495353740404355, 0.48466942322197093, -0.022709515575843654]"
A2,24,4,cube,0,273,273,1.0,8.923639934366168,8.923639934366168,8.994337546552513,10.682470457782953,"[-0.21911843120014435, 0.6363590867107184, 0.0053725516743242776]"
A2,24,4,board,1,451,451,1.0,-5.600028027742058,5.600028027742058,5.607314359641092,6.962974806435561,"[-0.2872809865619307, 0.40596817917557115, -0.021407708184917548]"
A2,24,4,cube,1,156,156,1.0,9.965709338870269,9.965709338870269,9.808544630719927,12.089687401034157,"[-0.22905318221822094, 0.6318736981466222, 0.006516911633697761]"
A2,24,4,board,2,1196,1196,1.0,2.99212916398373,3.02047237878566,5.840626179041368,11.52551674517919,"[-0.26804968452946487, 0.4481904889313516, -0.01232780627819738]"
A2,24,4,cube,2,201,201,1.0,-9.457863018336624,9.457863018336624,9.646072234057888,14.003812905407138,"[-0.20398518693829903, 0.6144090735466818, 0.022644276284976672]"
A2,24,4,board,3,568,568,1.0,8.317745518926927,8.317745518926927,8.402982264803905,9.78216743493133,"[-0.28766040866207504, 0.49351660301940636, -0.024718202236685118]"
A2,24,4,cube,3,320,320,1.0,-8.318465109792347,8.318465109792347,7.637290330548909,10.181666094061967,"[-0.23463135071940075, 0.6508108492104873, 0.007906375463485495]"
A2,54,9,board,0,754,754,1.0,6.237527458911133,6.237527458911133,6.702686871494701,10.262361289008979,"[-0.28630549926663085, 0.46428347799667086, -0.02251185882444169]"
A2,54,9,cube,0,150,150,1.0,0.2674333759133564,7.075639777481582,7.309026855950075,11.878092954682101,"[-0.41107642658511345, 0.3601565330874794, 0.008592301146737898]"
A2,54,9,board,1,467,467,1.0,-5.70880569664341,5.70880569664341,5.7276601223342425,7.014967524200884,"[-0.28562469329275464, 0.4129618056557376, -0.021586837749410007]"
A2,54,9,cube,1,382,382,1.0,7.473724649569813,7.473724649569813,7.4996653233882915,8.780799532672603,"[-0.4357862599332133, 0.34789328533426156, 0.01330428214699355]"
A2,54,9,board,2,1193,1193,1.0,10.094123569706882,10.094123569706882,11.809109987154072,18.828156114298636,"[-0.2741571565225452, 0.4529582551361092, -0.005267095598927208]"
A2,54,9,cube,2,198,198,1.0,6.214314687879555,7.647053628653453,7.8798351680589604,10.754695982589443,"[-0.3949113231202338, 0.3542005729397815, 0.027458620298340234]"
A2,54,9,board,3,606,606,1.0,-8.135437165123012,8.135437165123012,8.183386358182469,9.645357078776138,"[-0.28342038281557896, 0.49751332553140604, -0.02452586133150613]"
A2,54,9,cube,3,295,295,1.0,-10.009726667146106,10.64801304500628,10.800029506545108,13.587825755226557,"[-0.42505700798870083, 0.364308501261809, 0.007116157424628567]"
A2,72,12,board,0,678,678,1.0,-6.587775331081739,6.587775331081739,6.958405559206423,10.041063843067874,"[-0.28154726740652003, 0.4643247225419524, -0.022827076605383422]"
A2,72,12,cube,0,270,270,1.0,-2.389891456962885,2.576157147625403,3.103609219084478,5.500899665253364,"[-0.22987005957423143, 0.28253373599420956, 0.015426820130609559]"
A2,72,12,board,1,602,602,1.0,5.737147842084266,5.737147842084266,5.786803422713415,7.2151122910101515,"[-0.2852075270199124, 0.43067426907090783, -0.021726264142533463]"
A2,72,12,cube,1,397,397,1.0,-7.246388722655136,7.246388722655136,6.9849554076319835,8.692700876496598,"[-0.25056903661513863, 0.2659912535429071, 0.012517019623077986]"
A2,72,12,board,2,1187,1187,1.0,-12.321367617250418,12.321367617250418,14.594378663404058,24.257618383658535,"[-0.27602489090653426, 0.4534362811887911, -0.0026108257798929013]"
A2,72,12,cube,2,245,245,1.0,3.4966470831747385,4.908629594989251,5.473048163846003,8.561013801614568,"[-0.2208534464959411, 0.27443295976122845, 0.03274245542727317]"
A2,72,12,board,3,529,529,1.0,-8.128900404170615,8.128900404170615,8.196050590983075,9.884104855892605,"[-0.2778058093506718, 0.5024312781568387, -0.0245757522133677]"
A2,72,12,cube,3,173,173,1.0,-16.110602190480662,16.110602190480662,16.18346228806903,20.135260098490754,"[-0.24444585786034298, 0.27759177420836373, 0.00811970555592288]"
A3,24,4,board,0,546,546,1.0,-7.678348744801227,7.678348744801227,7.985447332765466,11.338374078328286,"[-0.2757870475669904, 0.48420748817238185, -0.025775653483595756]"
A3,24,4,cube,0,273,273,1.0,8.134922152346014,8.134922152346014,8.001592690141692,9.809025711831442,"[-0.22050506020974256, 0.6355406750514464, 0.005177278817443173]"
A3,24,4,board,1,451,451,1.0,6.997517536228339,6.997517536228339,7.158409909469626,9.785201346528368,"[-0.28623987633010756, 0.406080369721162, -0.02507499064832147]"
A3,24,4,cube,1,156,156,1.0,10.10703476229137,10.10703476229137,10.003417412202195,12.028480425137786,"[-0.23046541654959332, 0.631266373986301, 0.012127673390373269]"
A3,24,4,board,2,1196,1196,1.0,-1.3332813351269461,2.0509750098157604,4.910605011587138,9.984010432584233,"[-0.2701253701118574, 0.4482141837747789, -0.015857413041535248]"
A3,24,4,cube,2,201,201,1.0,-9.693909651959084,9.72606726878197,9.869245680355512,13.346118839700635,"[-0.20638349264990385, 0.6146863103488038, 0.018492673035281914]"
A3,24,4,board,3,568,568,1.0,-11.961916446357861,11.961916446357861,11.954582410757105,14.178776332749601,"[-0.28525978550289827, 0.4898206574618044, -0.030011585651397353]"
A3,24,4,cube,3,320,320,1.0,12.200019641733494,12.200019641733494,10.733588123528126,13.871751859712845,"[-0.23378568577487382, 0.6470434422169231, 0.005334375253028393]"
A3,54,9,board,0,754,754,1.0,7.912283897419604,7.912283897419604,8.158865149596028,11.524319932951382,"[-0.2871321365211041, 0.46381835371383234, -0.026030647021447587]"
A3,54,9,cube,0,150,150,1.0,0.9896393072653878,7.171884554900066,7.39518844768722,12.103390934358051,"[-0.4123736157103289, 0.3592802463222665, 0.0016104405301163424]"
A3,54,9,board,1,467,467,1.0,-6.805512528795416,6.805512528795416,7.05283188815938,9.634303086428007,"[-0.28461616747585344, 0.41308316079553914, -0.024971584344276463]"
A3,54,9,cube,1,382,382,1.0,8.104197323097793,8.104197323097793,7.861125087775625,9.580781023816884,"[-0.43573335224205634, 0.3463371441195856, 0.0016435317854536222]"
A3,54,9,board,2,1193,1193,1.0,8.2881852773758,8.2881852773758,10.168517663782877,17.163511689026006,"[-0.27630099822095644, 0.45303515206380635, -0.008892764720181152]"
A3,54,9,cube,2,198,198,1.0,3.306889698986466,7.068437188695812,9.3349770974111,17.612699121265674,"[-0.3973831416275552, 0.35453329758995616, 0.023389122426608386]"
A3,54,9,board,3,606,606,1.0,11.615460157707357,11.615460157707357,11.620470311551097,13.920356607857043,"[-0.2810334203872195, 0.49381714888866984, -0.02961852175755064]"
A3,54,9,cube,3,295,295,1.0,-13.54248453885364,13.835653093451702,13.216185648838165,16.29623885574914,"[-0.4239366908532872, 0.3605340088180012, -0.0047200074827263]"
A3,72,12,board,0,678,678,1.0,-8.133127529519992,8.133127529519992,8.407731057521858,11.498146801235084,"[-0.28236922142002563, 0.4638645609526355, -0.02626375306493028]"
A3,72,12,cube,0,270,270,1.0,-3.476633518487056,3.900842203451194,4.280081294037159,6.649865433774613,"[-0.23127819295390298, 0.28161416168609443, 0.010564985608709368]"
A3,72,12,board,1,602,602,1.0,-6.66758002884511,6.66758002884511,6.768565460008743,9.837497093100223,"[-0.2842912449401516, 0.4307931576965311, -0.024552940384931537]"
A3,72,12,cube,1,397,397,1.0,-8.246434468021922,8.246434468021922,7.8039293860938646,9.793027637673099,"[-0.2501938071102089, 0.265284321499362, 0.006059360705666044]"
A3,72,12,board,2,1187,1187,1.0,10.487227304944945,10.487227304944945,12.969500295381977,22.39003003298466,"[-0.2781945735255474, 0.4535332027976946, -0.0062585612314564835]"
A3,72,12,cube,2,245,245,1.0,0.906751960217774,2.214223406050596,10.539388588435603,19.53493485998251,"[-0.22339620810869706, 0.27479655237079975, 0.03097423069151234]"
A3,72,12,board,3,529,529,1.0,11.427916096933671,11.427916096933671,11.454216434354354,13.92330034088158,"[-0.2754230934186767, 0.498735484856697, -0.02940315014709763]"
A3,72,12,cube,3,173,173,1.0,-18.1228324014298,18.1228324014298,17.474235367499794,21.910321483699544,"[-0.24354281043643894, 0.27382434377433307, 0.004261490530892963]"
A4,24,4,board,0,546,546,1.0,-6.277233838304163,6.277233838304163,6.767226043240684,10.218984964332755,"[-0.2749680159616516, 0.48467482660993244, -0.022705836612492838]"
A4,24,4,cube,0,273,273,1.0,9.191974722642648,9.191974722642648,9.178305066371669,11.037668472196343,"[-0.2191278802681558, 0.6363488038299668, 0.005450858420166494]"
A4,24,4,board,1,451,451,1.0,5.644540392965324,5.644540392965324,5.657352379234615,7.021933657397291,"[-0.2872352046714115, 0.4060418431429412, -0.02146816364566157]"
A4,24,4,cube,1,156,156,1.0,9.660789392128954,9.660789392128954,9.658192187348774,11.928789105803272,"[-0.22904550868754717, 0.6319424210056672, 0.00657561097323556]"
A4,24,4,board,2,1196,1196,1.0,2.9904977951780896,3.017603315311015,5.840540349074528,11.520866060589578,"[-0.26803548880743466, 0.4481813866697819, -0.01232767045887733]"
A4,24,4,cube,2,201,201,1.0,-9.432733553361865,9.432733553361865,9.656307360888468,13.959839439547558,"[-0.20399052117221103, 0.6144021525115414, 0.022669806671906996]"
A4,24,4,board,3,568,568,1.0,8.202363924588116,8.202363924588116,8.287385692875427,9.662143502977463,"[-0.28777232249070966, 0.493726964786645, -0.024594072542878837]"
A4,24,4,cube,3,320,320,1.0,-8.246223033192171,8.246223033192171,7.544498694505766,9.997716025207337,"[-0.2347566696016105, 0.6510134806939629, 0.008089507489024341]"
A4,54,9,board,0,754,754,1.0,-6.26460747511775,6.26460747511775,6.709452495657465,10.256584849767943,"[-0.2863207953292936, 0.4642892405927527, -0.02251834683758756]"
A4,54,9,cube,0,150,150,1.0,0.2639091260261061,7.022894302676342,7.285495581217914,11.843190769809418,"[-0.4110969710224448, 0.3601523750817074, 0.008531499353252788]"
A4,54,9,board,1,467,467,1.0,5.754853076737122,5.754853076737122,5.77552307446905,7.0700640658550995,"[-0.2855801749381185, 0.41303586254791863, -0.021643592500748036]"
A4,54,9,cube,1,382,382,1.0,7.562617543627816,7.562617543627816,7.592080160018466,8.855094081701157,"[-0.4357273161285513, 0.3479214015701584, 0.013223894421660292]"
A4,54,9,board,2,1193,1193,1.0,-10.099551092070746,10.099551092070746,11.80724912691666,18.81938579454248,"[-0.27414444152499473, 0.45294796544386406, -0.005267439052546485]"
A4,54,9,cube,2,198,198,1.0,1.5437878625446082,7.688940886422028,7.914744122593439,10.855291747509451,"[-0.394895135028525, 0.354176876564601, 0.02743061967428211]"
A4,54,9,board,3,606,606,1.0,8.03422820131656,8.03422820131656,8.067596599588708,9.52710858294701,"[-0.28353270314241175, 0.4977240605668241, -0.02440053147153843]"
A4,54,9,cube,3,295,295,1.0,-9.875139626718394,10.55814262591437,10.674226348712626,13.511743125494094,"[-0.42515184406087597, 0.3644911608172647, 0.007201517511546345]"
A4,72,12,board,0,678,678,1.0,6.593981071135188,6.593981071135188,6.965658874835762,10.034113873869927,"[-0.2815625505991144, 0.4643304468331958, -0.022833375296589187]"
A4,72,12,cube,0,270,270,1.0,-1.625416074783657,2.6548954610737336,3.1483752138060117,5.565015592585152,"[-0.22989393392706958, 0.28251910678942577, 0.01533530161939846]"
A4,72,12,board,1,602,602,1.0,-5.782215164361366,5.782215164361366,5.8287000807205525,7.250997550205141,"[-0.2851661834720611, 0.4307484739705899, -0.021773343444964108]"
A4,72,12,cube,1,397,397,1.0,7.251123580587544,7.251123580587544,7.011963749947757,8.703770736558042,"[-0.2504955311087581, 0.2660529045296789, 0.012376888987723869]"
A4,72,12,board,2,1187,1187,1.0,12.313490218123052,12.313490218123052,14.592543931664594,24.259378198348507,"[-0.27601262046757924, 0.4534255815483534, -0.0026114081259739127]"
A4,72,12,cube,2,245,245,1.0,3.54807224828491,4.958021538198193,5.490664662371609,8.607413616118688,"[-0.22083124296594112, 0.274423647885707, 0.032733395942217615]"
A4,72,12,board,3,529,529,1.0,8.000287059861698,8.000287059861698,8.079968465687148,9.7703420190264,"[-0.2779186595197426, 0.5026426323739706, -0.024448986601763856]"
A4,72,12,cube,3,173,173,1.0,16.07613768190983,16.07613768190983,16.061267666293936,20.058071891950277,"[-0.24453134166606047, 0.27779330435000854, 0.008150837810134905]"
A5,24,4,board,0,546,546,1.0,5.625097457921445,5.625097457921445,6.0694499652204925,9.40860583632134,"[-0.27387457180096253, 0.48423103352391267, -0.022169595171654982]"
A5,24,4,cube,0,273,273,1.0,7.745373901880698,7.93335193172336,8.147187401348829,10.382212507372742,"[-0.21940015049495265, 0.6361835896926533, 0.00713695174766928]"
A5,24,4,board,1,451,451,1.0,5.604170157663756,5.604170157663756,5.641834541920504,6.985298840182368,"[-0.28709690987533604, 0.40483450744603416, -0.022028849906879377]"
A5,24,4,cube,1,156,156,1.0,10.880764145889886,10.880764145889886,10.635889242629434,13.153118991972457,"[-0.23098119976258188, 0.6308014965738173, 0.009491175400043171]"
A5,24,4,board,2,1196,1196,1.0,-3.607444394232766,3.611689192126174,6.260588701736951,12.0710334749716,"[-0.2681911433030838, 0.4476906808256066, -0.012068221054677268]"
A5,24,4,cube,2,201,201,1.0,-9.980038087104223,10.028007855733742,9.45104567808257,12.729909890147557,"[-0.20480503502124403, 0.6140240875086788, 0.023587400942762862]"
A5,24,4,board,3,568,568,1.0,-7.212000266971722,7.212000266971722,7.260834707171385,8.672940044329343,"[-0.2889472663113912, 0.4953997892962187, -0.023708208373210495]"
A5,24,4,cube,3,320,320,1.0,4.560780732564938,4.609925822834224,4.388248055360191,6.137557391376404,"[-0.23675953384055143, 0.6525366881849463, 0.010966847912369262]"
A5,54,9,board,0,754,754,1.0,-5.609723026013274,5.609723026013274,6.066621737924817,9.489832417511677,"[-0.285050608339222, 0.46374717628673495, -0.022143729512939313]"
A5,54,9,cube,0,150,150,1.0,-1.2032058252992197,5.436584290245115,5.8434240766788665,10.11296948303677,"[-0.4089740777492452, 0.3583218607612606, 0.007958601016203708]"
A5,54,9,board,1,467,467,1.0,5.619228993016924,5.619228993016924,5.688148355934628,6.87852032431744,"[-0.285504031091804, 0.41184480846311217, -0.02209684232854848]"
A5,54,9,cube,1,382,382,1.0,7.38064409874656,7.38064409874656,7.246558830152306,8.584211906237798,"[-0.43513234849803145, 0.34488569141138986, 0.011483538166666807]"
A5,54,9,board,2,1193,1193,1.0,-10.66332219854739,10.66332219854739,12.358746211503107,19.440767786621993,"[-0.2743289273848458, 0.4524116808701024, -0.005002372968891063]"
A5,54,9,cube,2,198,198,1.0,5.624064053011824,8.001526741306675,8.405722862578168,12.231933597689897,"[-0.3947757908228398, 0.35309740870845724, 0.02716670313586555]"
A5,54,9,board,3,606,606,1.0,-6.981589877289666,6.981589877289666,7.015373934629217,8.548131934900688,"[-0.28472780429529454, 0.4994151306481238, -0.023459654228064702]"
A5,54,9,cube,3,295,295,1.0,-7.77103113701629,8.482478354452471,8.734173581263875,11.811621715781842,"[-0.4257300670108428, 0.3651092036133928, 0.006305359168976313]"
A5,72,12,board,0,678,678,1.0,-5.945587459614584,5.945587459614584,6.315208826871625,9.319350526357884,"[-0.28029235413120057, 0.46383173262937166, -0.02244983556200025]"
A5,72,12,cube,0,270,270,1.0,-0.25689875904853665,1.7283033172833728,2.085657960702527,3.671599469396181,"[-0.2271174095219349, 0.2822139591379202, 0.01455377010880692]"
A5,72,12,board,1,602,602,1.0,-5.585458892547721,5.585458892547721,5.582040568411602,7.0181986970174215,"[-0.2852479006372093, 0.42956037143694314, -0.021962479526793487]"
A5,72,12,cube,1,397,397,1.0,9.588096623810413,9.588096623810413,9.000010948361451,11.071743030352735,"[-0.2491758921793865, 0.26468983521356526, 0.00980919961051675]"
A5,72,12,board,2,1187,1187,1.0,-12.885151415025158,12.885151415025158,15.148611026271439,24.889789347638555,"[-0.27620320278118676, 0.45287371747353283, -0.0023478816987131737]"
A5,72,12,cube,2,245,245,1.0,2.842228446097405,4.204095545340521,6.600273893511506,11.426530831835365,"[-0.22043387377253948, 0.27395544948502065, 0.03249415002275556]"
A5,72,12,board,3,529,529,1.0,-6.888776681839191,6.888776681839191,6.989428164902688,8.618375039742926,"[-0.2791381559034991, 0.5043616060353202, -0.023439794245517582]"
A5,72,12,cube,3,173,173,1.0,-12.51081743185339,12.51081743185339,12.713824472087262,15.667465354272256,"[-0.2446834261779406, 0.27929969583194897, 0.0064715753841912685]"
B1,24,4,board,0,546,546,1.0,6.511651448227331,6.511651448227331,7.006830962273598,10.542443753286582,"[-0.2751862466937433, 0.4847374862791058, -0.02281115943998533]"
B1,24,4,cube,0,273,273,1.0,9.274202956904732,9.274202956904732,9.220481439384098,11.15848238258819,"[-0.2190669049719542, 0.6362554420391123, 0.005629026252010285]"
B1,24,4,board,1,451,451,1.0,-7.571473544173178,7.571473544173178,7.56960379532005,8.9767947767515,"[-0.28529506996406945, 0.4096164484840284, -0.02346800273013812]"
B1,24,4,cube,1,156,156,1.0,12.85662412724527,12.85662412724527,12.311792590033493,15.10890473599209,"[-0.22785409281794963, 0.6355929823897, 0.005492407501100083]"
B1,24,4,board,2,1196,1196,1.0,2.860470780645831,2.8938109020088962,5.772653655022712,11.42378967940129,"[-0.26789930009801655, 0.44818126399424574, -0.012418032972097199]"
B1,24,4,cube,2,201,201,1.0,-9.399126289862396,9.428818506752183,9.71552770838469,14.098670901106408,"[-0.2038012156159629, 0.614402472229123, 0.022479958096258038]"
B1,24,4,board,3,568,568,1.0,8.7746110721618,8.7746110721618,8.784579029715486,10.29421849630084,"[-0.28763788242313953, 0.49332195394313033, -0.024885766687963398]"
B1,24,4,cube,3,320,320,1.0,-8.584321441517403,8.584321441517403,7.882969020556269,10.420728651200129,"[-0.23477296348824456, 0.6507178625133694, 0.007514113752840464]"
B1,54,9,board,0,754,754,1.0,6.478559561997082,6.478559561997082,6.953918057612608,10.579982346295669,"[-0.2865759909353174, 0.4643722188918256, -0.02266122810236882]"
B1,54,9,cube,0,150,150,1.0,2.6382384789428515,9.128304290860246,9.201661102103996,13.660529516034336,"[-0.4115366797354587, 0.3604025228283599, 0.008206267465191248]"
B1,54,9,board,1,467,467,1.0,-7.695194009294818,7.695194009294818,7.677728934683728,8.967687353123972,"[-0.28366289435103004, 0.4166164894726591, -0.02361509135709147]"
B1,54,9,cube,1,382,382,1.0,8.976671013085252,9.28398315484382,9.490907888959876,11.231424836055272,"[-0.4336069114466041, 0.35087283655843843, 0.010944458974259398]"
B1,54,9,board,2,1193,1193,1.0,-9.898897941083112,9.898897941083112,11.657619838095306,18.715876843174524,"[-0.27401197179459247, 0.45295748769694044, -0.005367545336652105]"
B1,54,9,cube,2,198,198,1.0,4.343394625925464,5.797421486231485,6.414064785281273,8.608275935213188,"[-0.39484052240365075, 0.3542774857978099, 0.02731791943568388]"
B1,54,9,board,3,606,606,1.0,-8.476951756579012,8.476951756579012,8.559709733772404,10.179478407748674,"[-0.28339907863740904, 0.49731958757229777, -0.02468558458659363]"
B1,54,9,cube,3,295,295,1.0,-8.649551566564126,10.797256345122905,10.982524040134777,13.63698002773003,"[-0.4251731092198995, 0.3641986466713622, 0.006692998812499736]"
B1,72,12,board,0,678,678,1.0,-6.817543143981795,6.817543143981795,7.2006280397136155,10.304303015027248,"[-0.2818177233152358, 0.46440539333810227, -0.022976858437272818]"
B1,72,12,cube,0,270,270,1.0,-0.13399787715303213,2.4654687748942794,3.078626690313596,5.982979585643639,"[-0.23047393476184738, 0.28242752245469716, 0.014834873876375013]"
B1,72,12,board,1,602,602,1.0,-7.680857740793744,7.680857740793744,7.708433762159879,9.152845948957967,"[-0.28330685956129487, 0.43433073687772533, -0.023674300753581554]"
B1,72,12,cube,1,397,397,1.0,11.598839141483099,11.598839141483099,11.021762781439048,13.206193135089004,"[-0.24810780857682457, 0.2696150472793857, 0.009832288358199338]"
B1,72,12,board,2,1187,1187,1.0,12.12021951397478,12.12021951397478,14.445540023553415,24.179389255782546,"[-0.2758822105855257, 0.45343851736520363, -0.0027135808849629325]"
B1,72,12,cube,2,245,245,1.0,3.7714618622407885,5.85394712039128,6.0286353212469885,9.254541741562706,"[-0.22082135661610044, 0.27444198703301464, 0.03284589523265331]"
B1,72,12,board,3,529,529,1.0,-8.475909076033272,8.475909076033272,8.563120079194942,10.325765827780142,"[-0.2777846717417131, 0.5022378336652031, -0.02472396294149091]"
B1,72,12,cube,3,173,173,1.0,16.04235899487514,16.70535407259471,16.5549283393693,20.07023480687941,"[-0.244562666339165, 0.27750029874684345, 0.00880245371506429]"
B2,24,4,cube,0,273,273,1.0,8.787356298434627,9.315376241460138,9.54852715735924,12.208611553527371,"[-0.21889089212366505, 0.6365603047851451, 0.0019919602955986242]"
B2,24,4,cube,1,156,156,1.0,-10.768968159267951,10.768968159267951,9.814559167978215,12.94784714562939,"[-0.23058407059589817, 0.6323377801878006, 0.0026160300203680875]"
B2,24,4,cube,2,201,201,1.0,5.646612280393165,8.22192526984517,8.634594100508833,12.928445913553533,"[-0.20529493081551892, 0.6147446068414905, 0.020961915159027233]"
B2,24,4,cube,3,320,320,1.0,-5.367848261132329,5.571702913209483,5.462056530401442,7.902483687078398,"[-0.23619302360501715, 0.6533485156203139, 0.005172418739101741]"
B2,54,9,cube,0,150,150,1.0,-0.13386604197271265,7.249712989676112,7.383251203814072,12.182084035902964,"[-0.4111555781185612, 0.3606163939446823, 0.00793653733970906]"
B2,54,9,cube,1,382,382,1.0,6.974740595708799,6.974740595708799,7.057296320882007,8.404697032997667,"[-0.4362547910713783, 0.3476967358033627, 0.013034248289817573]"
B2,54,9,cube,2,198,198,1.0,5.117469096016057,7.685612717751189,7.98903005379334,11.070357178155637,"[-0.39488133898753125, 0.3535788706004274, 0.026782844967192233]"
B2,54,9,cube,3,295,295,1.0,9.186850170154765,9.186850170154765,9.445505388614956,12.376588397804175,"[-0.4256292838256991, 0.3661950186196464, 0.006882168717502615]"
B2,72,12,cube,0,270,270,1.0,-2.7181533235212036,2.982831745014378,3.3019949039025116,5.4467162991272255,"[-0.23000324733462316, 0.28280961033181357, 0.014076097500915494]"
B2,72,12,cube,1,397,397,1.0,-6.814028381545116,6.814028381545116,6.6626190484307415,8.437520033826383,"[-0.2507803949279838, 0.266415293143991, 0.010473416013825667]"
B2,72,12,cube,2,245,245,1.0,3.676480253900848,5.010514471872509,5.490473944118736,8.606711475082022,"[-0.22039482027788565, 0.2746765976314599, 0.030760476140342864]"
B2,72,12,cube,3,173,173,1.0,-14.82572457437661,14.82572457437661,14.774085162262951,18.551844161677135,"[-0.24472003155636324, 0.2800990640447891, 0.00616491032908409]"
B3,24,4,board,0,546,546,1.0,-6.719487840330928,6.719487840330928,7.030973618632455,10.393521829306158,"[-0.2754998016201624, 0.48469288335182087, -0.02289997149431319]"
B3,24,4,board,1,451,451,1.0,7.156730782389058,7.156730782389058,7.16172587492771,8.403226369326736,"[-0.2853019098813304, 0.40889813161309374, -0.023103880762111]"
B3,24,4,board,2,1196,1196,1.0,-2.9810854436424172,3.0033417417985153,5.867763977379665,11.5717975880731,"[-0.26778681659236897, 0.448191202667459, -0.012305868925716525]"
B3,24,4,board,3,568,568,1.0,9.803918742086779,9.803918742086779,9.865129972825565,11.166411895149091,"[-0.2860272373642368, 0.49031106694013793, -0.025995170490938888]"
B3,54,9,board,0,754,754,1.0,-6.678625186824538,6.678625186824538,7.049385870455345,10.344888256453329,"[-0.2868370411120813, 0.4642979707117699, -0.022813900840177228]"
B3,54,9,board,1,467,467,1.0,7.209611484613876,7.209611484613876,7.2509985544912805,8.342669787921539,"[-0.2836937777628651, 0.41590418186309963, -0.023227885287944883]"
B3,54,9,board,2,1193,1193,1.0,10.014513691235125,10.014513691235125,11.780196548370215,18.82368899909543,"[-0.2739024578952118, 0.4529693108651839, -0.005259234443096305]"
B3,54,9,board,3,606,606,1.0,-9.652244645510127,9.652244645510127,9.644299189854811,11.081660505891659,"[-0.28179489491507476, 0.4943158568105712, -0.02580141671064292]"
B3,72,12,board,0,678,678,1.0,7.113367480585763,7.113367480585763,7.32607193728,10.3454750629413,"[-0.28208044900948687, 0.46434517072907233, -0.02315218699776111]"
B3,72,12,board,1,602,602,1.0,7.1871444666795625,7.1871444666795625,7.198522382834696,8.444296075997833,"[-0.2833960751234805, 0.43361958263567624, -0.02320002388885339]"
B3,72,12,board,2,1187,1187,1.0,-12.249165611642539,12.249165611642539,14.5664851650801,24.34102864925942,"[-0.27577473447273076, 0.4534507493606903, -0.002606781355856711]"
B3,72,12,board,3,529,529,1.0,-9.490115076705674,9.490115076705674,9.657623752964021,11.171023096659072,"[-0.2761916315589278, 0.49924668355360996, -0.025852109025012584]"
